id,arquivo,legenda,origem
info_363,info/info_363.jpg,"Quando o bem oferecido vale muito mais do que o crédito, vale perguntar ao banco se dá para garantir apenas uma parte. Nem sempre é possível, mas a pergunta custa uma conversa e pode proteger o patrimônio.

Leonardo Rezende
Especialista em dívidas empresariais

#garantias #patrimonio #credito #gestaodepassivos #dividasempresariais",novo3
info_364,info/info_364.jpg,"Contrato com CDI mais uma taxa fixa tem duas partes: uma que varia e outra que fica combinada. Antes de assinar, simule o que acontece com a parcela se o CDI subir.

Leonardo Rezende
Especialista em dívidas empresariais

#cdi #taxadejuros #contratobancario #gestaodepassivos #dividasempresariais",novo3
info_365,info/info_365.jpg,"Uma dívida de R$ 20 mil a 2% ao mês, em 24 parcelas pela tabela Price, tem parcela perto de R$ 1.057 e total acima de R$ 25 mil. Pedir a simulação completa antes de assinar mostra o custo real.

Leonardo Rezende
Especialista em dívidas empresariais

#juros #simulacaodecredito #gestaodepassivos #dividasempresariais #credito",novo3
info_366,info/info_366.jpg,"Quem anota o que entra e o que sai sabe como o mês realmente foi. Quem confia só na memória costuma decidir pelo susto. Registrar tudo traz mais tranquilidade para decidir.

Leonardo Rezende
Especialista em dívidas empresariais

#controlefinanceiro #educacaofinanceira #dinheiro #disciplina #empresarios",novo3
info_367,info/info_367.jpg,"Quando o crédito vem acompanhado de outros produtos, o que decide é o custo total da operação. Peça por escrito o que é obrigatório e o que é opcional, e compare com outra proposta antes de decidir.

Leonardo Rezende
Especialista em dívidas empresariais

#credito #produtosbancarios #gestaodepassivos #dividasempresariais #negociacaocombancos",novo3
info_368,info/info_368.jpg,"Spread é a diferença entre o custo do dinheiro para o banco e a taxa que ele cobra de quem toma o crédito. Entender isso ajuda a perceber por que propostas de bancos diferentes variam tanto.

Leonardo Rezende
Especialista em dívidas empresariais

#spreadbancario #juros #credito #gestaodepassivos #financasempresariais",novo3
info_369,info/info_369.jpg,"Tarifa de R$ 100 por mês parece pouco, mas soma R$ 1.200 por ano. Vale olhar o extrato da conta da empresa e conferir se cada cobrança corresponde a um serviço que ela realmente usa.

Leonardo Rezende
Especialista em dívidas empresariais

#tarifasbancarias #contapj #fluxodecaixa #gestaodepassivos #dividasempresariais",novo3
info_370,info/info_370.jpg,"Na renovação ou no aumento do limite, o banco está conversando com você, e a taxa pode entrar na pauta. Chegar com propostas de outros bancos na mão ajuda a conduzir essa conversa com calma.

Leonardo Rezende
Especialista em dívidas empresariais

#limitedecredito #taxadejuros #negociacaocombancos #gestaodepassivos #dividasempresariais",novo3
info_371,info/info_371.jpg,"Muita empresa paga tarifa por serviço que quase nunca usa. Revisar o pacote da conta e manter só o que faz sentido reduz custo sem mexer na operação.

Leonardo Rezende
Especialista em dívidas empresariais

#tarifasbancarias #contapj #pacotedeservicos #reducaodecustos #dividasempresariais",novo3
info_372,info/info_372.jpg,"Quando o banco cobra um limite de conta que foi usado e não foi pago, ele pode apresentar o contrato junto com o demonstrativo do débito. A Súmula 247 do STJ trata disso. Por isso vale conferir se o demonstrativo mostra, linha por linha, como o saldo chegou ao valor cobrado.

Leonardo Rezende
Especialista em dívidas empresariais

#limitedeconta #contratobancario #gestaodepassivos #dividasempresariais #demonstrativodedebito",novo3
info_373,info/info_373.jpg,"Consórcio não cobra juros como o financiamento, mas tem taxa de administração e outros custos. E a contemplação não tem data certa. Vale somar tudo e pensar no prazo antes de escolher.

Leonardo Rezende
Especialista em dívidas empresariais

#consorcio #financiamento #credito #gestaodepassivos #financasempresariais",novo3
info_374,info/info_374.jpg,"Juros remuneratórios são o preço do crédito. Juros de mora são o encargo pelo atraso. Na planilha do banco, vale conferir se cada um aparece separado e sobre qual valor foi calculado.

Leonardo Rezende
Especialista em dívidas empresariais

#jurosremuneratorios #jurosdemora #direitobancario #gestaodepassivos #dividasempresariais",novo3
info_375,info/info_375.jpg,"Quando o banco pede que um saldo fique parado como condição do crédito, esse dinheiro deixa de abater dívida cara. Colocar esse custo na conta ajuda a decidir se a condição vale a pena.

Leonardo Rezende
Especialista em dívidas empresariais

#credito #custoreal #saldomedio #gestaodepassivos #dividasempresariais",novo3
info_376,info/info_376.jpg,"O que parece sorte muitas vezes é preparo. Chegar a uma reunião com documentos, números e perguntas prontas evita surpresa e dá segurança. Eu prefiro gastar uma hora na véspera a perder o controle no dia.

Leonardo Rezende
Especialista em dívidas empresariais

#preparo #trabalho #advocacia #mentalidade #empresarios",novo3
info_377,info/info_377.jpg,"Proposta boa resiste a um dia de análise. Levar a simulação para casa, conferir o total a pagar e comparar com outra oferta evita decidir na pressão da reunião.

Leonardo Rezende
Especialista em dívidas empresariais

#propostadecredito #simulacaodecredito #credito #gestaodepassivos #dividasempresariais",novo3
info_378,info/info_378.jpg,"Muitas vezes o banco pede uma nota promissória junto com o contrato do limite da conta. A Súmula 258 do STJ diz que, nesse caso, ela não tem autonomia, porque nasce de um contrato cujo valor ainda precisa ser apurado. Saber o que você assinou junto ajuda a entender a dívida.

Leonardo Rezende
Especialista em dívidas empresariais

#notapromissoria #direitobancario #gestaodepassivos #dividasempresariais #garantias",novo3
info_379,info/info_379.jpg,"Sacar dinheiro no cartão de crédito costuma ter juros altos desde o primeiro dia. Antes de usar para uma urgência, compare com uma linha de capital de giro olhando o custo total.

Leonardo Rezende
Especialista em dívidas empresariais

#cartaodecredito #jurosaltos #capitaldegiro #gestaodepassivos #dividasempresariais",novo3
info_380,info/info_380.jpg,"No Open Finance, você decide se autoriza que outros bancos vejam seus dados para simular ofertas. É uma forma de comparar crédito com mais informação, mas a decisão e o consentimento continuam sendo seus.

Leonardo Rezende
Especialista em dívidas empresariais

#openfinance #credito #portabilidade #gestaodepassivos #negociacaocombancos",novo3
info_381,info/info_381.jpg,"Para saber quanto o conjunto das dívidas custa, multiplique cada saldo pela sua taxa, some tudo e divida pelo saldo total. A taxa média mostra qual dívida está puxando o custo para cima.

Leonardo Rezende
Especialista em dívidas empresariais

#taxamedia #juros #gestaodepassivos #dividasempresariais #financasempresariais",novo3
info_382,info/info_382.jpg,"Comparar propostas com valores e prazos diferentes engana. Peça aos bancos simulações com o mesmo valor e o mesmo prazo, e olhe a taxa e o custo total de cada uma. Só assim a comparação é justa.

Leonardo Rezende
Especialista em dívidas empresariais

#comparacaodecredito #simulacaodecredito #credito #gestaodepassivos #dividasempresariais",novo3
info_383,info/info_383.jpg,"Eu separo um tempo na segunda para escolher as três tarefas mais importantes da semana. Parece pouco, mas organiza a cabeça e protege o que não pode ficar para depois.

Leonardo Rezende
Especialista em dívidas empresariais

#organizacao #produtividade #trabalho #disciplina #advocacia",novo3
info_384,info/info_384.jpg,"Pagou cobrança a mais no limite da conta? A Súmula 322 do STJ diz que, para pedir de volta o que foi pago indevidamente nesses contratos, não é preciso provar que você errou ao pagar. Guardar os extratos continua sendo o que sustenta qualquer conferência.

Leonardo Rezende
Especialista em dívidas empresariais

#limitedeconta #repeticaodeindebito #gestaodepassivos #dividasempresariais #extratobancario",novo3
info_385,info/info_385.jpg,"Crédito com imóvel em garantia costuma ter taxa menor, mas o bem passa a responder pela dívida. Antes de assinar, calcule a parcela no pior mês do caixa e leia o que acontece em caso de atraso.

Leonardo Rezende
Especialista em dívidas empresariais

#garantiaimobiliaria #credito #gestaodepassivos #dividasempresariais #contratobancario",novo3
info_386,info/info_386.jpg,"Muitos bancos têm uma classificação interna de risco para cada empresa. Ela costuma olhar faturamento, histórico de pagamento e endividamento. Quem organiza esses três pontos tende a negociar em melhor posição.

Leonardo Rezende
Especialista em dívidas empresariais

#analisedecredito #riscodecredito #credito #gestaodepassivos #dividasempresariais",novo3
info_387,info/info_387.jpg,"Dividir o caixa gerado no mês pelo total das parcelas mostra se a operação paga a dívida. Quando o resultado fica abaixo de 1, o aperto já está à vista, e o banco costuma olhar justamente esse número.

Leonardo Rezende
Especialista em dívidas empresariais

#analisedecredito #fluxodecaixa #capacidadedepagamento #gestaodepassivos #dividasempresariais",novo3
info_388,info/info_388.jpg,"Resposta rápida demais costuma ser resposta incompleta. Dar tempo aos números e ouvir o outro lado costuma melhorar a conversa. Paciência não é lentidão, é cuidado com o que vai ser combinado.

Leonardo Rezende
Especialista em dívidas empresariais

#paciencia #negociacaodedividas #acordo #gestaodepassivos #mentalidade",novo3
info_389,info/info_389.jpg,"Comprar a máquina primeiro e procurar o crédito depois tira poder de escolha. Simular o financiamento antes de fechar a compra mostra se a parcela cabe no caixa.

Leonardo Rezende
Especialista em dívidas empresariais

#financiamento #equipamentos #credito #gestaodepassivos #dividasempresariais",novo3
info_390,info/info_390.jpg,"Em cédulas de crédito rural, comercial e industrial, a Súmula 93 do STJ admite que a capitalização de juros seja combinada. O ponto de atenção é ler se isso está escrito e como o cálculo é feito, porque capitalizar muda bastante o total da dívida.

Leonardo Rezende
Especialista em dívidas empresariais

#cedulasdecredito #capitalizacaodejuros #gestaodepassivos #dividasempresariais #direitobancario",novo3
info_391,info/info_391.jpg,"Nem todo contrato acompanha a Selic. No prefixado a taxa fica como foi combinada, e no pós-fixado varia o indexador. Pedir revisão ao banco e comparar a portabilidade são caminhos possíveis.

Leonardo Rezende
Especialista em dívidas empresariais

#selic #taxadejuros #portabilidade #gestaodepassivos #dividasempresariais",novo3
info_392,info/info_392.jpg,"Pacote de serviços na conta da empresa é uma mensalidade que reúne tarifas. A conta só fecha quando você olha o que usa de verdade e compara com o custo de pagar cada serviço separado.

Leonardo Rezende
Especialista em dívidas empresariais

#contapj #tarifasbancarias #pacotedeservicos #gestaodepassivos #dividasempresariais",novo3
info_393,info/info_393.jpg,"Usar quase todo o limite o tempo todo pode ser lido pelo banco como aperto de caixa. Manter uma folga ajuda na análise de crédito e dá mais espaço para negociar quando a empresa precisar.

Leonardo Rezende
Especialista em dívidas empresariais

#limitedecredito #analisedecredito #credito #gestaodepassivos #dividasempresariais",novo3
info_394,info/info_394.jpg,"Contratos de crédito vão ficando para trás na gaveta. Uma revisão por ano, olhando taxa, garantias e vencimentos, mostra o que dá para renegociar ou até levar para outro banco.

Leonardo Rezende
Especialista em dívidas empresariais

#contratobancario #revisaodecontratos #portabilidade #gestaodepassivos #dividasempresariais",novo3
info_395,info/info_395.jpg,"Desconto só é desconto quando você sabe sobre qual valor ele incide. Pedir o saldo atualizado por escrito e comparar com a oferta mostra o tamanho real da vantagem.

Leonardo Rezende
Especialista em dívidas empresariais

#quitacao #negociacaodedividas #desconto #gestaodepassivos #dividasempresariais",novo3
info_396,info/info_396.jpg,"Ver a TJLP no meio do contrato não é estranho. A Súmula 288 do STJ diz que ela pode servir como indexador de correção monetária em contratos bancários. O que importa é saber qual índice está no seu contrato e como ele entra no cálculo da parcela.

Leonardo Rezende
Especialista em dívidas empresariais

#tjlp #correcaomonetaria #contratobancario #gestaodepassivos #financiamento",novo3
info_397,info/info_397.jpg,"Parcelar a fatura costuma custar menos que o rotativo, mas não é de graça. Peça a simulação e olhe a taxa ao mês e o total das parcelas, não apenas o valor de cada uma.

Leonardo Rezende
Especialista em dívidas empresariais

#parcelamentodafatura #rotativo #cartaodecredito #gestaodepassivos #jurosdocartao",novo3
info_398,info/info_398.jpg,"Na carta de fiança bancária, o banco garante uma obrigação da empresa perante terceiros. Em troca, cobra uma comissão e normalmente pede uma contragarantia. Vale entender os dois custos antes de contratar.

Leonardo Rezende
Especialista em dívidas empresariais

#cartadefianca #garantias #credito #gestaodepassivos #direitobancario",novo3
info_399,info/info_399.jpg,"Guardar R$ 200 por mês, sem contar rendimento, já forma R$ 2.400 em um ano. O que pesa é a constância. Quem começa pequeno cria o hábito e depois aumenta com mais tranquilidade.

Leonardo Rezende
Especialista em dívidas empresariais

#reservadeemergencia #educacaofinanceira #disciplina #constancia #dinheiro",novo3
info_400,info/info_400.jpg,"Mercado, contrato e regras mudam, e o que eu sabia ontem pode estar desatualizado hoje. Reler e revisar o que já domino é um jeito de evitar erro por excesso de confiança.

Leonardo Rezende
Especialista em dívidas empresariais

#humildade #estudo #advocacia #trabalho #mentalidade",novo3
info_401,info/info_401.jpg,"Pedir ajuda não diminui ninguém. Perguntar a quem entende do assunto economiza tempo e evita erro. Eu aprendo mais depressa quando admito o que ainda não sei.

Leonardo Rezende
Especialista em dívidas empresariais

#humildade #aprendizado #trabalho #advocacia #mentalidade",novo3
info_402,info/info_402.jpg,"Taxa que varia conforme um índice divulgado por entidades do próprio mercado merece atenção na leitura do contrato. A Súmula 176 do STJ diz que é nula a cláusula que sujeita o devedor à taxa divulgada pela ANBID/CETIP. Sempre veja de onde vem o indexador.

Leonardo Rezende
Especialista em dívidas empresariais

#taxadejuros #clausulacontratual #direitobancario #gestaodepassivos #dividasempresariais",novo3
info_403,info/info_403.jpg,"O melhor conselho de dinheiro que recebi é o mais simples: gastar menos do que entra, mesmo quando entra bastante. É fácil de dizer e difícil de manter, e é por isso que funciona para quem consegue.

Leonardo Rezende
Especialista em dívidas empresariais

#educacaofinanceira #disciplina #dinheiro #mentalidade #empresarios",novo3
info_404,info/info_404.jpg,"Estudar finanças mudou a forma como eu explico a dívida. Quando entendo caixa, juros e prazo, consigo conversar com o empresário na linguagem do negócio dele e conferir melhor os números do contrato.

Leonardo Rezende
Especialista em dívidas empresariais

#advocacia #estudo #financasempresariais #gestaodepassivos #mentalidade",novo3
info_405,info/info_405.jpg,"Melhorar uma coisa pequena por semana, como um processo, um modelo de e-mail ou uma planilha, soma 52 ajustes em um ano. Pouco de cada vez muda a rotina inteira sem pesar no dia a dia.

Leonardo Rezende
Especialista em dívidas empresariais

#trabalho #constancia #disciplina #advocacia #produtividade",novo3
info_406,info/info_406.jpg,"Na conversa difícil com cliente ou credor, o tom abre portas que o argumento sozinho fecha. Posso ter razão e ainda assim falar com calma. Respeito não enfraquece a posição de ninguém.

Leonardo Rezende
Especialista em dívidas empresariais

#respeito #comunicacao #negociacaodedividas #advocacia #confianca",novo3
info_407,info/info_407.jpg,"Taxa menor chama atenção, mas não conta a história inteira. Antes de levar a dívida para outro banco, some tarifas, prazo e total pago nas duas propostas e compare.

Leonardo Rezende
Especialista em dívidas empresariais

#portabilidade #custototal #credito #gestaodepassivos #dividasempresariais",novo3
info_408,info/info_408.jpg,"Fiador não é, em regra, o primeiro da fila. O art. 827 do Código Civil dá ao fiador cobrado o direito de pedir que, antes, sejam executados os bens do devedor. O que muda tudo é como o contrato descreve essa fiança, por isso eu leio o documento inteiro primeiro.

Leonardo Rezende
Especialista em dívidas empresariais

#fianca #fiador #garantias #direitobancario #gestaodepassivos",novo3
info_409,info/info_409.jpg,"Existe contrato que autoriza o banco a usar o saldo da conta para abater uma dívida vencida. Muita gente só descobre isso quando o dinheiro do mês já foi. Ler a cláusula antes ajuda a decidir onde manter o caixa.

Leonardo Rezende
Especialista em dívidas empresariais

#clausulas #contratobancario #compensacao #fluxodecaixa #gestaodepassivos",novo3
info_410,info/info_410.jpg,"Bem financiado, na maioria dos casos, continua em garantia do banco até o último pagamento. Vender antes sem combinar pode complicar a vida de quem compra e a sua. Peça o saldo de quitação e a baixa da garantia por escrito.

Leonardo Rezende
Especialista em dívidas empresariais

#alienacaofiduciaria #financiamento #garantias #gestaodepassivos #dividasempresariais",novo3
info_411,info/info_411.jpg,"Muita gente acha que o valor do imóvel é o valor do crédito, e não é assim. O banco costuma aplicar um percentual sobre o bem e usar a própria avaliação. Perguntar isso antes evita frustração na hora de contratar.

Leonardo Rezende
Especialista em dívidas empresariais

#garantias #credito #imoveis #financasempresariais #gestaodepassivos",novo3
info_412,info/info_412.jpg,"Confiança não se pede, se observa. Eu olho como a pessoa cumpre os combinados pequenos e como reage quando erra. E, mesmo com muita confiança, o que for importante vai para o papel.

Leonardo Rezende
Especialista em dívidas empresariais

#confianca #parceria #negocios #empresarios #advocacia",novo3
info_413,info/info_413.jpg,"Pedir um aval como favor, sem mostrar o contrato, coloca outra pessoa em risco sem que ela saiba. Mostrar o contrato, o valor e o prazo é um gesto de respeito e protege a relação. Quem avaliza precisa decidir com informação.

Leonardo Rezende
Especialista em dívidas empresariais

#aval #avalista #garantias #gestaodepassivos #dividasempresariais",novo3
info_414,info/info_414.jpg,"Pontualidade diz muito sem eu precisar falar nada. Chegar no horário, devolver a ligação no dia e entregar na data mostra que o tempo do outro importa. Parece detalhe, mas é o que as pessoas lembram.

Leonardo Rezende
Especialista em dívidas empresariais

#pontualidade #respeito #trabalho #confianca #advocacia",novo3
info_415,info/info_415.jpg,"Muita gente assina como fiador achando que só será chamado depois do devedor. O art. 828 do Código Civil mostra os casos em que esse benefício não vale, como quando o fiador se obriga como principal pagador. Por isso eu olho com atenção como o contrato descreve a obrigação de quem garante.

Leonardo Rezende
Especialista em dívidas empresariais

#fiador #solidariedade #garantias #contratobancario #dividasempresariais",novo3
info_416,info/info_416.jpg,"Bloqueio de conta assusta, e muita gente só descobre na hora de pagar um fornecedor. O Código de Processo Civil prevê o bloqueio de dinheiro por meio eletrônico quando há execução. O caminho é conferir o processo, o valor bloqueado e reunir os documentos.

Leonardo Rezende
Especialista em dívidas empresariais

#penhora #execucao #dividasempresariais #gestaodepassivos #direitobancario",novo3
info_417,info/info_417.jpg,"As duas colocam um imóvel como garantia, mas funcionam de jeitos diferentes. Na hipoteca o bem segue no seu nome; na alienação fiduciária, a propriedade fica com o credor até o pagamento total. Antes de assinar, vale saber qual das duas o contrato usa.

Leonardo Rezende
Especialista em dívidas empresariais

#hipoteca #alienacaofiduciaria #garantias #imoveis #gestaodepassivos",novo3
info_418,info/info_418.jpg,"Garantia ajuda a baixar a taxa, e isso atrai. Só que o bem fica ligado à dívida até a quitação, então a economia nos juros precisa ser comparada com o risco. A conta completa é a que mostra se vale.

Leonardo Rezende
Especialista em dívidas empresariais

#juros #garantias #credito #financasempresariais #dividasempresariais",novo3
info_419,info/info_419.jpg,"Meta como 'vender mais' não diz nada. Uma meta com número, prazo e responsável vira tarefa e dá para acompanhar semana a semana. Quem mede consegue ajustar a rota.

Leonardo Rezende
Especialista em dívidas empresariais

#metas #trabalho #organizacao #empresarios #disciplina",novo3
info_420,info/info_420.jpg,"Muita gente negocia só o valor da dívida e esquece da garantia. Eu sempre pergunto: o que acontece com o aval, a hipoteca ou o bem depois do acordo? Deixar isso escrito evita surpresa mais à frente.

Leonardo Rezende
Especialista em dívidas empresariais

#negociacaodedividas #garantias #acordo #gestaodepassivos #dividasempresariais",novo3
info_421,info/info_421.jpg,"Quem paga a dívida como fiador não perde o direito de cobrar de volta. O art. 831 do Código Civil diz que o fiador que paga tudo fica sub-rogado nos direitos do credor, ou seja, passa a ocupar o lugar dele diante do devedor. Vale guardar todos os comprovantes de pagamento.

Leonardo Rezende
Especialista em dívidas empresariais

#fianca #garantias #direitobancario #gestaodepassivos #subrogacao",novo3
info_422,info/info_422.jpg,"Penhor aparece com frequência em crédito para empresa e para o campo. O bem móvel, como máquinas, estoque ou safra, fica ligado à dívida, e em alguns tipos de penhor a empresa continua usando. É importante saber o que está empenhado para não vender ou mexer em um bem já comprometido.

Leonardo Rezende
Especialista em dívidas empresariais

#penhor #garantias #creditorural #direitobancario #gestaodepassivos",novo3
info_423,info/info_423.jpg,"Alguns contratos de crédito tratam mudança de sócio ou de controle como motivo para o banco antecipar a dívida. Se isso aparecer na sua conversa, vá direto à cláusula citada e peça tudo por escrito: o motivo, o saldo e o prazo. Dá para conversar, mas com o documento na mão.

Leonardo Rezende
Especialista em dívidas empresariais

#vencimentoantecipado #contratobancario #clausulas #gestaodepassivos #dividasempresariais",novo3
info_424,info/info_424.jpg,"Quando alguém avaliza uma dívida, é fácil olhar só a parcela mensal. Mas, dependendo do contrato, o avalista pode ser chamado a pagar o valor inteiro, com os encargos. Antes de assinar, a pergunta é: quanto eu posso ter de pagar no pior cenário?

Leonardo Rezende
Especialista em dívidas empresariais

#aval #avalista #garantias #dividasempresariais #gestaodepassivos",novo3
info_425,info/info_425.jpg,"Barato demais pede atenção. Quando a escolha é só pelo preço, sem olhar prazo, qualidade e contrato, o custo aparece depois em retrabalho e imprevisto. Eu prefiro comparar o total, não só o número da proposta.

Leonardo Rezende
Especialista em dívidas empresariais

#dinheiro #financasempresariais #decisao #empresarios #gestaodepassivos",novo3
info_426,info/info_426.jpg,"Pagamento parcial nem sempre reduz o saldo na proporção que a gente imagina. Costuma valer a regra de abater primeiro os juros vencidos e só depois o capital, a menos que o contrato diga outra coisa. Por isso, peça sempre o demonstrativo de como o valor foi aplicado.

Leonardo Rezende
Especialista em dívidas empresariais

#pagamento #juros #contratobancario #gestaodepassivos #dividasempresariais",novo3
info_427,info/info_427.jpg,"Se o banco dá mais prazo ao devedor sem o consentimento do fiador, o art. 838 do Código Civil pode desobrigá-lo, mesmo sendo solidário. Mas contratos bancários costumam ter cláusulas sobre esse tema, então não dá para concluir nada sem ler o documento. O primeiro passo é conseguir o contrato inteiro.

Leonardo Rezende
Especialista em dívidas empresariais

#fiador #moratoria #garantias #direitobancario #dividasempresariais",novo3
info_428,info/info_428.jpg,"Prescrição gera muita dúvida em dívida antiga. O art. 202 do Código Civil diz que a interrupção só pode acontecer uma vez, e depois o prazo volta a correr. Antes de qualquer conclusão, eu confiro as datas e o que aconteceu em cada uma.

Leonardo Rezende
Especialista em dívidas empresariais

#prescricao #dividaantiga #direitobancario #gestaodepassivos #dividasempresariais",novo3
info_429,info/info_429.jpg,"Pagou metade e quer liberar parte da garantia? Dá para pedir, mas muitos contratos só liberam a garantia depois da quitação. Se o contrato não prevê, a conversa vira negociação: leve a avaliação atualizada do bem e o saldo devedor.

Leonardo Rezende
Especialista em dívidas empresariais

#garantias #hipoteca #negociacaodedividas #gestaodepassivos #credito",novo3
info_430,info/info_430.jpg,"Banco que aceitou um atraso uma vez não está dizendo que vai aceitar sempre. Muitos contratos deixam isso claro. Se houve uma conversa, peça por escrito o que foi combinado, para não depender da lembrança de ninguém.

Leonardo Rezende
Especialista em dívidas empresariais

#contratobancario #clausulas #negociacaodedividas #gestaodepassivos #dividasempresariais",novo3
info_431,info/info_431.jpg,"Quando o contrato pede imóvel e aval ao mesmo tempo, a dívida fica protegida por dois lados, e o risco para quem garante aumenta. Vale perguntar ao banco se as duas garantias são mesmo necessárias para aquele valor. Às vezes dá para conversar.

Leonardo Rezende
Especialista em dívidas empresariais

#garantias #aval #hipoteca #contratobancario #gestaodepassivos",novo3
info_432,info/info_432.jpg,"Muitos contratos com garantia exigem que o bem tenha seguro em dia. Deixar a apólice vencer pode ser tratado como descumprimento do contrato, então vale colocar a data no calendário. Renovar e enviar o comprovante ao banco evita dor de cabeça.

Leonardo Rezende
Especialista em dívidas empresariais

#garantias #seguro #contratobancario #gestaodepassivos #dividasempresariais",novo3
info_433,info/info_433.jpg,"Entregar o bem para encerrar a dívida pode ser uma saída, mas depende da concordância do banco. O mais importante é o documento: ele precisa dizer que a dívida fica totalmente quitada. Sem isso, o saldo pode continuar existindo.

Leonardo Rezende
Especialista em dívidas empresariais

#dacaoempagamento #garantias #negociacaodedividas #gestaodepassivos #dividasempresariais",novo3
info_434,info/info_434.jpg,"Sair da sociedade não tira o nome de um contrato de crédito. Se o sócio avalizou a dívida, a garantia continua valendo até o banco liberar ou a dívida ser paga. Na saída de um sócio, vale pedir a liberação por escrito ou combinar outra garantia.

Leonardo Rezende
Especialista em dívidas empresariais

#aval #socios #garantias #gestaodepassivos #dividasempresariais",novo3
info_435,info/info_435.jpg,"Perseverança não é bater na mesma porta do mesmo jeito. É ajustar o plano, olhar o que funcionou e continuar no dia seguinte. Sem método, insistência vira cansaço.

Leonardo Rezende
Especialista em dívidas empresariais

#perseveranca #metodo #mentalidade #trabalho #disciplina",novo3
info_436,info/info_436.jpg,"Desconto chama atenção, mas quem decide é o caixa. Em uma dívida de R$ 200 mil, 30% de desconto seriam R$ 140 mil, e a pergunta é se a empresa paga sem criar outro problema. Cada banco tem sua política, e o desconto só existe se ele aceitar.

Leonardo Rezende
Especialista em dívidas empresariais

#negociacaodedividas #desconto #fluxodecaixa #gestaodepassivos #dividasempresariais",novo3
info_437,info/info_437.jpg,"Prazo apertado agrada na hora e custa a confiança depois. Eu prefiro prometer o que dá para cumprir e, se der, entregar antes. Cliente lembra de quem cumpre o combinado.

Leonardo Rezende
Especialista em dívidas empresariais

#confianca #prazo #advocacia #trabalho #reputacao",novo3
info_438,info/info_438.jpg,"Eu não espero a motivação aparecer para começar. Muitas vezes a vontade vem depois do primeiro passo, e dez minutos de trabalho já mudam o ritmo do dia. Começar pequeno é melhor do que esperar o momento perfeito.

Leonardo Rezende
Especialista em dívidas empresariais

#motivacao #produtividade #rotina #trabalho #mentalidade",novo3
info_439,info/info_439.jpg,"Quando um bem dado em garantia vai a leilão, nem todo mundo sabe que o valor que passa da dívida e dos custos, em regra, volta ao devedor. Por isso, peça sempre o demonstrativo da venda, com valores e despesas. É uma conta que vale conferir.

Leonardo Rezende
Especialista em dívidas empresariais

#alienacaofiduciaria #leilao #garantias #direitobancario #gestaodepassivos",novo3
info_440,info/info_440.jpg,"Dá para dar em garantia um bem que já é seu. A Súmula 28 do STJ diz que a alienação fiduciária pode ter como objeto bem que já integrava o patrimônio do devedor, como uma máquina ou um veículo que a empresa já tinha. O ponto é entender que, a partir dali, o bem fica vinculado à dívida.

Leonardo Rezende
Especialista em dívidas empresariais

#alienacaofiduciaria #garantias #credito #direitobancario #gestaodepassivos",novo3
info_441,info/info_441.jpg,"Garantia de terceiro é mais comum do que parece: um familiar ou amigo oferece um imóvel para a empresa conseguir crédito. Em regra, a responsabilidade dele fica no bem dado em garantia, a não ser que também tenha assinado como avalista. Por isso ele precisa ler o contrato inteiro.

Leonardo Rezende
Especialista em dívidas empresariais

#garantias #hipoteca #garantiareal #gestaodepassivos #dividasempresariais",novo3
info_442,info/info_442.jpg,"Garantia que perde valor durante o contrato pode virar problema. Alguns contratos trazem cláusula de reforço, que permite ao banco pedir outra garantia se o bem se desvaloriza. Eu sempre procuro essa cláusula antes de assinar.

Leonardo Rezende
Especialista em dívidas empresariais

#clausulas #garantias #contratobancario #gestaodepassivos #credito",novo3
info_443,info/info_443.jpg,"Em grupo de empresas, é comum um sócio avalizar a dívida de outra empresa e, com o tempo, ninguém mais lembrar. Uma lista com cada dívida, o contrato e quem garante o quê mostra o risco real. É um trabalho simples e melhora muito as decisões.

Leonardo Rezende
Especialista em dívidas empresariais

#garantias #aval #organizacao #gestaodepassivos #dividasempresariais",novo3
info_444,info/info_444.jpg,"Toda sexta eu tento separar uns quinze minutos para olhar a semana: o que ficou pendente, o que deu certo e o que precisa de prazo. É pouco tempo e evita muita correria na segunda-feira. Disciplina também é organizar o que vem pela frente.

Leonardo Rezende
Especialista em dívidas empresariais

#disciplina #organizacao #produtividade #rotina #advocacia",novo3
info_445,info/info_445.jpg,"Fiança bancária é o banco entrando como garantidor da empresa, por exemplo, em contratos e obrigações com terceiros. Para isso, ele cobra uma tarifa e costuma pedir contragarantias. É uma ferramenta útil, mas o custo e o limite usado precisam entrar na conta.

Leonardo Rezende
Especialista em dívidas empresariais

#fiancabancaria #garantias #credito #financasempresariais #gestaodepassivos",novo3
info_446,info/info_446.jpg,"Cansa, sim, e eu não tenho vergonha de dizer. O que me mantém firme é rotina, pausa e lembrar que por trás de cada contrato tem uma pessoa. Nos dias difíceis, eu faço só o próximo passo pequeno.

Leonardo Rezende
Especialista em dívidas empresariais

#perseveranca #rotina #advocacia #mentalidade #trabalho",novo3
info_447,info/info_447.jpg,"Meta grande assusta quando a gente olha o ano inteiro de uma vez. Eu prefiro dividir: R$ 120 mil no ano são R$ 10 mil por mês, e isso fica mais fácil de acompanhar. Olhar o número toda semana ajuda mais do que ansiedade.

Leonardo Rezende
Especialista em dívidas empresariais

#metas #disciplina #financasempresariais #trabalho #empresarios",novo3
info_448,info/info_448.jpg,"Carta de notificação do banco assusta, mas costuma ser um aviso com prazo para regularizar. Eu recomendo ler com calma, guardar o envelope e responder por escrito, de preferência com uma proposta. Nessa fase ainda existe espaço para conversar.

Leonardo Rezende
Especialista em dívidas empresariais

#cobranca #notificacao #negociacaodedividas #gestaodepassivos #dividasempresariais",novo3
info_449,info/info_449.jpg,"Contrato de crédito muda com o tempo, e as mudanças ficam nos aditivos. Quem guarda só o contrato original pode discutir regras que já não valem mais. Contrato, aditivos e comprovantes na mesma pasta é um hábito que ajuda muito.

Leonardo Rezende
Especialista em dívidas empresariais

#contratobancario #aditivo #organizacao #gestaodepassivos #direitobancario",novo3
info_450,info/info_450.jpg,"É uma divisão simples que ajuda muito a ler um contrato. Na garantia real, um bem fica ligado à dívida; na pessoal, uma pessoa se compromete a pagar. Saber qual é qual mostra o que está em jogo para cada um.

Leonardo Rezende
Especialista em dívidas empresariais

#garantias #garantiareal #aval #fianca #direitobancario",novo3
info_451,info/info_451.jpg,"Acumular curso e material dá a sensação de progresso, mas o que muda o trabalho é a prática. Escolher uma coisa nova por semana e aplicar de verdade faz o aprendizado ficar. Estudar é importante, usar é o que fixa.

Leonardo Rezende
Especialista em dívidas empresariais

#estudo #aprendizado #trabalho #constancia #advocacia",novo3
info_452,info/info_452.jpg,"Muita empresa assume parcela contando com um cliente que vai pagar. Se o recebimento atrasa, a parcela atrasa junto. Prefiro planejar com o dinheiro que já está no caixa e tratar o resto como reforço.

Leonardo Rezende
Especialista em dívidas empresariais

#fluxodecaixa #gestaodepassivos #dividasempresariais #planejamentofinanceiro #empresarios",novo3
info_453,info/info_453.jpg,"O saldo de uma dívida em atraso muda todo dia, por causa dos encargos. Por isso, peça o valor por escrito e sempre com a data em que o cálculo foi feito. Só dá para comparar duas contas com a mesma data.

Leonardo Rezende
Especialista em dívidas empresariais

#negociacaodedividas #direitobancario #gestaodepassivos #dividasempresariais #saldodevedor",novo3
info_454,info/info_454.jpg,"Comprovante mostra que você pagou. O termo de quitação é o documento em que o credor confirma que aquela dívida acabou. Depois do último pagamento, vale pedir e guardar com os demais papéis.

Leonardo Rezende
Especialista em dívidas empresariais

#quitacao #comprovante #gestaodepassivos #dividasempresariais #direitobancario",novo3
info_455,info/info_455.jpg,"Trinta por cento de desconto pode ser muito ou pouco, depende da base. Pergunte se ele incide sobre a dívida inteira ou só sobre uma parte, como juros e multa. Peça o cálculo mostrando o antes e o depois.

Leonardo Rezende
Especialista em dívidas empresariais

#negociacaodedividas #acordo #desconto #gestaodepassivos #dividasempresariais",novo3
info_456,info/info_456.jpg,"Quando todas as parcelas vencem juntas, o caixa sente. Vale perguntar ao banco se as datas podem ser espalhadas ao longo do mês, de acordo com o que a empresa recebe. Nem sempre é possível, mas perguntar não custa nada.

Leonardo Rezende
Especialista em dívidas empresariais

#vencimentos #fluxodecaixa #gestaodepassivos #dividasempresariais #negociacaodedividas",novo3
info_457,info/info_457.jpg,"Quem tem interesse em encerrar uma dívida pode pagá-la, e isso inclui quem deu uma garantia, como um avalista. Na prática, vale combinar tudo por escrito e guardar o comprovante do pagamento.

Leonardo Rezende
Especialista em dívidas empresariais

#direitobancario #gestaodepassivos #dividasempresariais #pagamento #avalista",novo3
info_458,info/info_458.jpg,"Gosto de fechar a semana deixando a próxima desenhada. Dez minutos na sexta, três prioridades anotadas, e a segunda começa com rumo. Parece pouco, mas muda o humor da semana inteira.

Leonardo Rezende
Especialista em dívidas empresariais

#rotina #disciplina #organizacao #trabalho #produtividade",novo3
info_459,info/info_459.jpg,"Pagar a entrada sem ter o texto do acordo em mãos deixa a conversa solta. O ideal é ter o documento antes e, se já pagou, juntar proposta, comprovante e protocolo. Cobrar por escrito ajuda a registrar tudo.

Leonardo Rezende
Especialista em dívidas empresariais

#acordo #negociacaodedividas #comprovante #protocolo #dividasempresariais",novo3
info_460,info/info_460.jpg,"Duas empresas com a mesma dívida total podem viver realidades bem diferentes. Se boa parte vence em até um ano, o caixa aperta mais. Olhar o perfil dos vencimentos ajuda a conversar com o banco sobre prazos.

Leonardo Rezende
Especialista em dívidas empresariais

#perfildeendividamento #gestaodepassivos #dividasempresariais #fluxodecaixa #credito",novo3
info_461,info/info_461.jpg,"Um jeito simples de ver o peso da dívida: quantos anos de caixa ela consome. Divida o total devido pelo que a empresa gera de caixa em um ano. Quanto maior o número, menos folga para imprevistos.

Leonardo Rezende
Especialista em dívidas empresariais

#perfildeendividamento #fluxodecaixa #financasempresariais #gestaodepassivos #indicadores",novo3
info_462,info/info_462.jpg,"Meta sem número e sem data fica no desejo. Quando escrevo o valor, o prazo e o passo de cada mês, ela vira plano e dá para acompanhar. Vale tanto para a vida profissional quanto para o dinheiro de casa.

Leonardo Rezende
Especialista em dívidas empresariais

#metas #disciplina #planejamento #trabalho #dinheiro",novo3
info_463,info/info_463.jpg,"Oferecer um bem ou outra forma de pagamento no lugar do combinado depende de o banco aceitar. O art. 313 do Código Civil diz que o credor não é obrigado a receber coisa diferente, mesmo mais valiosa. Por isso, proponha com calma e deixe o aceite registrado por escrito.

Leonardo Rezende
Especialista em dívidas empresariais

#negociacaodedividas #pagamento #acordo #gestaodepassivos #direitobancario",novo3
info_464,info/info_464.jpg,"Na conversa com o banco, números verdadeiros pesam mais que qualquer discurso. Conte o que aconteceu, mostre o que dá para pagar e evite exagerar. Quem esconde informação perde a confiança de quem está do outro lado.

Leonardo Rezende
Especialista em dívidas empresariais

#negociacaodedividas #transparencia #gestaodepassivos #dividasempresariais #credito",novo3
info_465,info/info_465.jpg,"Pagamento que não aparece no sistema acontece. Quem guarda comprovante e protocolo resolve muito mais rápido. Peça a conferência por escrito e leve os documentos, com calma.

Leonardo Rezende
Especialista em dívidas empresariais

#comprovante #protocolo #pagamento #gestaodepassivos #dividasempresariais",novo3
info_466,info/info_466.jpg,"Antes de qualquer outra medida, o credor costuma tentar um contato para receber. Esse é um dos melhores momentos para conversar, porque ainda há mais opções na mesa. Peça a proposta por escrito e confira os números.

Leonardo Rezende
Especialista em dívidas empresariais

#cobranca #negociacaodedividas #gestaodepassivos #dividasempresariais #renegociacao",novo3
info_467,info/info_467.jpg,"Esse número simples mostra se a empresa aguenta os juros: o lucro operacional dividido pelos juros do ano. Perto de 1 quer dizer que quase tudo vai para o banco. Quanto maior, mais folga.

Leonardo Rezende
Especialista em dívidas empresariais

#juros #financasempresariais #gestaodepassivos #dividasempresariais #empresarios",novo3
info_468,info/info_468.jpg,"Entrada alta soa bem, mas pode deixar a empresa sem dinheiro para folha e impostos. Antes de oferecer qualquer valor, separe o que não pode faltar e proponha com o que sobra. Acordo bom é o que cabe no caixa.

Leonardo Rezende
Especialista em dívidas empresariais

#acordo #fluxodecaixa #entrada #gestaodepassivos #dividasempresariais",novo3
info_469,info/info_469.jpg,"Pagar certo também é pagar no dia, no lugar e do jeito combinados. O art. 394 do Código Civil trata assim a mora do devedor. Por isso, num acordo, confira data, canal e forma de pagamento antes de cada parcela.

Leonardo Rezende
Especialista em dívidas empresariais

#mora #pagamento #gestaodepassivos #dividasempresariais #direitobancario",novo3
info_470,info/info_470.jpg,"Ganhar bem é uma coisa, guardar é outra. Já vi renda alta e aperto no fim do mês caminhando juntos. O que protege é o hábito de separar uma parte antes de gastar, todo mês, sem falhar.

Leonardo Rezende
Especialista em dívidas empresariais

#educacaofinanceira #disciplina #dinheiro #reservadecaixa #financas",novo3
info_471,info/info_471.jpg,"Troca de gerente é um momento de atenção. Combinados só de palavra podem se perder no caminho. Peça a confirmação por escrito da proposta anterior e guarde as mensagens.

Leonardo Rezende
Especialista em dívidas empresariais

#negociacaodedividas #protocolo #direitobancario #gestaodepassivos #relacionamentobancario",novo3
info_472,info/info_472.jpg,"Quando o gerente diz que vai levar a proposta para análise, geralmente é por causa da alçada. Propostas maiores passam por mais gente e levam mais tempo. Perguntar o prazo da resposta ajuda a planejar o caixa.

Leonardo Rezende
Especialista em dívidas empresariais

#negociacaodedividas #credito #gestaodepassivos #dividasempresariais #bancos",novo3
info_473,info/info_473.jpg,"Antes de pedir prazo ao banco, olhe para dentro de casa. Revisar assinaturas, contratos e gastos fixos mostra o que dá para cortar e deixa a proposta mais consistente. É um passo simples que muita gente pula.

Leonardo Rezende
Especialista em dívidas empresariais

#fluxodecaixa #custosfixos #gestaodepassivos #dividasempresariais #empresarios",novo3
info_474,info/info_474.jpg,"Cortar tudo de uma vez costuma durar pouco. Escolher um gasto por vez, ajustar e manter o novo hábito rende mais no fim das contas. Constância vale mais que sacrifício de curto prazo.

Leonardo Rezende
Especialista em dívidas empresariais

#economia #disciplina #educacaofinanceira #dinheiro #constancia",novo3
info_475,info/info_475.jpg,"Quando a dívida tem data certa de vencimento, o atraso começa nesse dia, sem precisar de aviso. É o que diz o art. 397 do Código Civil. Por isso, olhar o calendário de vencimentos e conversar cedo costuma custar menos.

Leonardo Rezende
Especialista em dívidas empresariais

#mora #vencimentos #gestaodepassivos #dividasempresariais #negociacaodedividas",novo3
info_476,info/info_476.jpg,"Quando só um sócio conhece a dívida, os outros decidem sem enxergar o quadro. Compartilhe o total devido, os vencimentos e as garantias com todos. Decidir junto exige o mesmo mapa.

Leonardo Rezende
Especialista em dívidas empresariais

#socios #gestaodepassivos #dividasempresariais #empresarios #governanca",novo3
info_477,info/info_477.jpg,"Quando o banco pede explicação sobre o atraso, o melhor texto é o simples. Conte os fatos com datas, o que mudou e quanto cabe pagar, sem exagero. Guarde uma cópia do que enviou, com o protocolo.

Leonardo Rezende
Especialista em dívidas empresariais

#negociacaodedividas #mora #atraso #gestaodepassivos #dividasempresariais",novo3
info_478,info/info_478.jpg,"EBITDA parece palavrão, mas é só uma medida de quanto a operação da empresa gera antes de juros e impostos. O banco olha esse número para estimar a capacidade de pagamento. Entender isso ajuda a conversar de igual para igual.

Leonardo Rezende
Especialista em dívidas empresariais

#ebitda #credito #financasempresariais #gestaodepassivos #dividasempresariais",novo3
info_479,info/info_479.jpg,"Parcela de R$ 8 mil parece leve, mas em 24 meses são R$ 192 mil saindo do caixa. Antes de aceitar um acordo, multiplique a parcela pelo número de meses e compare com o que a empresa gera. Só assim o número fica real.

Leonardo Rezende
Especialista em dívidas empresariais

#parcelas #acordo #fluxodecaixa #gestaodepassivos #dividasempresariais",novo3
info_480,info/info_480.jpg,"Pagar na correria é o caminho mais curto para esquecer uma parcela. Um dia fixo na semana para conferir vencimentos e pagar tudo reduz atrasos e dá uma rotina clara ao financeiro. É simples, e ajuda bastante.

Leonardo Rezende
Especialista em dívidas empresariais

#vencimentos #organizacao #financeiro #gestaodepassivos #dividasempresariais",novo3
info_481,info/info_481.jpg,"Contrato de banco costuma ser padrão, e quem assina apenas adere. Se uma cláusula é ambígua ou contraditória, o art. 423 do Código Civil manda interpretar a favor de quem aderiu. Antes de assinar, pergunte o que cada cláusula quer dizer e peça a explicação por escrito.

Leonardo Rezende
Especialista em dívidas empresariais

#contratobancario #direitobancario #gestaodepassivos #dividasempresariais #credito",novo3
info_482,info/info_482.jpg,"Os juros compostos que assustam na dívida também podem trabalhar a seu favor, quando você guarda com constância. Um valor fixo, todo mês, sem pular. O tempo faz a parte dele.

Leonardo Rezende
Especialista em dívidas empresariais

#juroscompostos #educacaofinanceira #reservadecaixa #disciplina #dinheiro",novo3
info_483,info/info_483.jpg,"Vencimento em fim de semana gera dúvida. A regra depende do contrato e do que o banco informa, então confirme antes. Na dúvida, pague um dia útil antes e guarde o comprovante.

Leonardo Rezende
Especialista em dívidas empresariais

#vencimentos #pagamento #mora #gestaodepassivos #financeiro",novo3
info_484,info/info_484.jpg,"Pagar uma parte ajuda a reduzir o saldo, mas não encerra o contrato. O que sobrou continua existindo até ser pago ou renegociado por escrito. Guarde o comprovante e peça o novo saldo atualizado.

Leonardo Rezende
Especialista em dívidas empresariais

#pagamentoparcial #quitacao #gestaodepassivos #dividasempresariais #direitobancario",novo3
info_485,info/info_485.jpg,"Ter várias dívidas com taxas diferentes esconde o custo real. Multiplique cada taxa pelo saldo da dívida, some tudo e divida pelo saldo total: é a taxa média ponderada. Ela mostra quais contratos mais pesam.

Leonardo Rezende
Especialista em dívidas empresariais

#juros #perfildeendividamento #taxamedia #gestaodepassivos #dividasempresariais",novo3
info_486,info/info_486.jpg,"Pendência que fica só na cabeça cansa. Antes de sair, anoto o que precisa ser feito no dia seguinte e fecho o dia. Dormir com a lista no papel ajuda o descanso a render mais.

Leonardo Rezende
Especialista em dívidas empresariais

#rotina #produtividade #disciplina #trabalho #descanso",novo3
info_487,info/info_487.jpg,"Histórico de pagamento é um patrimônio que ninguém vê, mas o banco enxerga. Parcelas em dia, ano após ano, ajudam nas próximas conversas sobre crédito. Por isso, quando o caixa aperta, vale avisar e negociar em vez de sumir.

Leonardo Rezende
Especialista em dívidas empresariais

#credito #historicodecredito #gestaodepassivos #dividasempresariais #empresarios",novo3
info_488,info/info_488.jpg,"Lidar com dívida dos outros exige método e calma. Nos dias mais pesados eu volto ao básico: separar o urgente, organizar os números e dar um passo de cada vez. Pedir ajuda ao time também faz parte.

Leonardo Rezende
Especialista em dívidas empresariais

#mentalidade #rotina #advocacia #disciplina #trabalho",novo3
info_489,info/info_489.jpg,"Antes de fechar um acordo, confirme quem pode assinar pela empresa. Em geral, é quem tem poderes de representação no contrato social ou numa procuração. Essa checagem simples evita dor de cabeça depois.

Leonardo Rezende
Especialista em dívidas empresariais

#acordo #contratosocial #gestaodepassivos #dividasempresariais #direitoempresarial",novo3
info_490,info/info_490.jpg,"Olhar o caixa só no dia do vencimento deixa pouca saída. Uma semana antes, ainda dá tempo de cobrar um cliente, mover saldo ou conversar com o banco. É um hábito pequeno que ajuda a evitar atraso.

Leonardo Rezende
Especialista em dívidas empresariais

#fluxodecaixa #vencimentos #atraso #gestaodepassivos #dividasempresariais",novo3
info_491,info/info_491.jpg,"Assunto de dinheiro adiado costuma voltar maior. Uma reunião mensal curta, com os números na mesa, tira o peso da conversa e evita surpresas entre sócios. Falar cedo é mais leve do que falar na crise.

Leonardo Rezende
Especialista em dívidas empresariais

#socios #comunicacao #fluxodecaixa #empresarios #financasempresariais",novo3
info_492,info/info_492.jpg,"Muita gente enxerga orçamento como castigo. Para mim, é o contrário: com cada real tendo destino, dá para gastar sem culpa e sem susto no fim do mês. O limite traz liberdade.

Leonardo Rezende
Especialista em dívidas empresariais

#orcamento #educacaofinanceira #dinheiro #disciplina #financas",novo3
info_493,info/info_493.jpg,"Faturamento que cai não precisa ser escondido. Mostrar os números dos últimos meses, explicar o que mudou e propor um valor que caiba no caixa atual é uma conversa mais honesta e mais produtiva. Prepare o material antes da reunião.

Leonardo Rezende
Especialista em dívidas empresariais

#negociacaodedividas #faturamento #fluxodecaixa #gestaodepassivos #dividasempresariais",novo3
info_494,info/info_494.jpg,"Cobrar faz parte do negócio e pode ser feito com educação. Lembrar antes do vencimento, falar claro, propor uma data e registrar tudo por escrito costuma preservar a relação. Quem cobra com respeito também protege o próprio caixa.

Leonardo Rezende
Especialista em dívidas empresariais

#cobranca #relacionamento #fluxodecaixa #trabalho #empresarios",novo3
info_495,info/info_495.jpg,"Parcela de R$ 6 mil com margem de 15% exige R$ 40 mil de vendas só para ser paga. Divida a parcela pela margem que sobra e veja quanto a empresa precisa vender no mês para cobrir cada dívida.

Leonardo Rezende
Especialista em dívidas empresariais

#margem #fluxodecaixa #gestaodepassivos #dividasempresariais #financasempresariais",novo3
info_496,info/info_496.jpg,"Agenda lotada dá sensação de trabalho, mas o que conta é o que foi concluído. Gosto de proteger blocos do dia para entregar o que importa. Menos reunião, mais entrega.

Leonardo Rezende
Especialista em dívidas empresariais

#produtividade #foco #trabalho #disciplina #advocacia",novo3
info_497,info/info_497.jpg,"Quando eu digo ao cliente que entrego na quinta, a data vira promessa. Se algo atrasar, prefiro avisar antes de ser cobrado, porque confiança também se mede em prazo. Cumprir o combinado é o jeito mais simples de construir nome.

Leonardo Rezende
Especialista em dívidas empresariais

#confianca #compromisso #advocacia #reputacao #trabalho",novo3
info_498,info/info_498.jpg,"Pedir recuperação judicial não precisa ser o primeiro passo. Muitas vezes vale tentar uma conversa com o banco, com os números na mão. Se não der certo, esse trabalho já deixa a empresa mais preparada para o próximo caminho.

Leonardo Rezende
Especialista em dívidas empresariais

#negociacaodedividas #recuperacaojudicial #bancos #gestaodepassivos #empresarios",novo3
info_499,info/info_499.jpg,"Plano de recuperação não é lista de desejos. Cada parcela prometida precisa caber na receita que a empresa realmente espera ter. Projetar com folga evita que o plano quebre no meio do caminho.

Leonardo Rezende
Especialista em dívidas empresariais

#planoderecuperacao #fluxodecaixa #recuperacaojudicial #empresarios #gestaodepassivos",novo3
info_500,info/info_500.jpg,"Empresa mais nova costuma perguntar se já pode pedir recuperação. A lei, no art. 48, fala em atividade regular há mais de dois anos, além de outros requisitos. Contar esse tempo direito, com os registros em ordem, faz parte do planejamento.

Leonardo Rezende
Especialista em dívidas empresariais

#recuperacaojudicial #requisitos #empresasemcrise #direitoempresarial #gestaodepassivos",novo3
info_501,info/info_501.jpg,"Perfil que aparece do nada dizendo ser do banco e oferecendo desconto merece desconfiança. O caminho seguro é buscar o canal oficial por conta própria e conferir a oferta antes de pagar. Pressa e link são sinais de atenção.

Leonardo Rezende
Especialista em dívidas empresariais

#golpe #falsoacordo #perfilfalso #negociacaodedividas #gestaodepassivos",novo3
info_502,info/info_502.jpg,"O plano é o coração da recuperação. Ele mostra como e quando cada credor será pago, e os números precisam se sustentar no caixa da empresa. Plano bonito no papel, mas sem fôlego, não convence ninguém.

Leonardo Rezende
Especialista em dívidas empresariais

#planoderecuperacao #recuperacaojudicial #credores #fluxodecaixa #gestaodepassivos",novo3
info_503,info/info_503.jpg,"Recuperação judicial não apaga dívida por mágica. A empresa propõe como, quando e quanto vai pagar, os credores votam e, se houver desconto, ele depende da aprovação do plano. Por isso o trabalho começa nos números.

Leonardo Rezende
Especialista em dívidas empresariais

#recuperacaojudicial #planodepagamento #credores #empresarios #dividasempresariais",novo3
info_504,info/info_504.jpg,"Score é uma nota de risco, e cada birô calcula do seu jeito. Um atraso pode pesar, e pagar em dia ao longo do tempo costuma ajudar, sem prazo garantido. Acompanhar a sua pontuação antes de pedir crédito evita surpresa.

Leonardo Rezende
Especialista em dívidas empresariais

#score #cadastropositivo #credito #financasempresariais #nomelimpo",novo3
info_505,info/info_505.jpg,"Antes de propor qualquer acordo ou plano, reúna cinco documentos: contratos, saldos atualizados, fluxo de caixa, lista de credores e garantias. Com isso na mesa, a conversa deixa de ser achismo.

Leonardo Rezende
Especialista em dívidas empresariais

#organizacao #documentos #negociacaodedividas #gestaodepassivos #dividasempresariais",novo3
info_506,info/info_506.jpg,"O cadastro negativo conta o que ficou em atraso, e o positivo conta o que foi pago em dia. A Lei 12.414/2011 trata do positivo, e os bancos usam as duas informações para avaliar risco. Conhecer os dois ajuda a planejar o próximo crédito.

Leonardo Rezende
Especialista em dívidas empresariais

#cadastropositivo #cadastronegativo #score #credito #gestaodepassivos",novo3
info_507,info/info_507.jpg,"Quem pede recuperação judicial não decide sozinho se o plano vale. Os credores votam, e o art. 45 da lei define como essa votação precisa acontecer nas classes. Por isso o plano precisa ser bem feito e bem explicado para quem vai votar.

Leonardo Rezende
Especialista em dívidas empresariais

#recuperacaojudicial #planoderecuperacao #assembleiadecredores #gestaodepassivos #dividasempresariais",novo3
info_508,info/info_508.jpg,"Falar de dinheiro no começo da conversa evita ruído lá na frente. Valor, forma de pagamento e o que está incluso precisam estar claros para os dois lados. Transparência é uma forma de respeito.

Leonardo Rezende
Especialista em dívidas empresariais

#honorarios #transparencia #confianca #advocacia #dinheiro",novo3
info_509,info/info_509.jpg,"Atrasar fornecedor em silêncio queima reputação. Avisar antes, propor outro prazo e cumprir o que foi combinado preserva a confiança e o relacionamento. Nome bom também é patrimônio.

Leonardo Rezende
Especialista em dívidas empresariais

#reputacao #fornecedores #confianca #fluxodecaixa #empresarios",novo3
info_510,info/info_510.jpg,"A lei do superendividamento protege a pessoa física nas dívidas de consumo. Dívida da empresa segue outro caminho, e misturar as duas atrapalha a análise. Separar o que é do CPF e o que é do CNPJ organiza qualquer negociação.

Leonardo Rezende
Especialista em dívidas empresariais

#superendividamento #pessoafisica #cnpj #dividasempresariais #gestaodepassivos",novo3
info_511,info/info_511.jpg,"Nem todo credor é tratado igual na recuperação judicial: eles se dividem em classes, e a garantia faz diferença nessa divisão. Entender em qual classe cada dívida cai ajuda a planejar a negociação.

Leonardo Rezende
Especialista em dívidas empresariais

#credores #classesdecredores #recuperacaojudicial #garantias #dividasempresariais",novo3
info_512,info/info_512.jpg,"Credor no escuro costuma endurecer. Quando a empresa mostra caixa, números e um plano honesto, a conversa tende a ficar mais aberta, sem garantia de resultado. Informação clara é o primeiro passo de qualquer negociação.

Leonardo Rezende
Especialista em dívidas empresariais

#credores #transparencia #negociacaodedividas #gestaodepassivos #bancos",novo3
info_513,info/info_513.jpg,"Recuperação judicial não é só pedir desconto. O art. 50 da lei lista meios variados, como prazos e condições especiais, reestruturação societária e venda de ativos. O plano escolhe o que faz sentido para o negócio, e isso muda de empresa para empresa.

Leonardo Rezende
Especialista em dívidas empresariais

#recuperacaojudicial #planoderecuperacao #reestruturacao #empresarios #gestaodepassivos",novo3
info_514,info/info_514.jpg,"O SCR guarda o retrato dos créditos de uma pessoa ou empresa no sistema financeiro, e os bancos o consultam com autorização do cliente. Dá para ver as suas informações pelo Registrato, do Banco Central. Conferir antes de pedir crédito ajuda a saber o que o banco vai enxergar.

Leonardo Rezende
Especialista em dívidas empresariais

#scr #registrato #bancocentral #credito #dividasempresariais",novo3
info_515,info/info_515.jpg,"Descobrir o score só depois da recusa de crédito atrapalha o planejamento. Acompanhar a pontuação e o histórico antes de pedir crédito dá tempo de corrigir o que for possível. Score é termômetro, e não sentença.

Leonardo Rezende
Especialista em dívidas empresariais

#score #credito #historicodecredito #financasempresariais #gestaodepassivos",novo3
info_516,info/info_516.jpg,"Oferecer um bem para quitar a dívida é uma possibilidade, mas depende da aceitação do banco. O valor do bem, avaliado com cuidado, entra na conta, e é preciso conferir se ainda sobra saldo. Tudo isso deve ficar por escrito.

Leonardo Rezende
Especialista em dívidas empresariais

#dacaoempagamento #negociacaodedividas #bens #gestaodepassivos #dividasempresariais",novo3
info_517,info/info_517.jpg,"Acordo bom raramente sai na primeira conversa. Costuma ter rodadas, ajustes e paciência dos dois lados, e eu sigo voltando com uma proposta mais bem pensada. Não há garantia de resultado, mas desistir cedo quase nunca ajuda.

Leonardo Rezende
Especialista em dívidas empresariais

#perseveranca #negociacao #paciencia #acordo #advocacia",novo3
info_518,info/info_518.jpg,"Pagar em dia constrói uma reputação que o banco enxerga. Com o tempo, isso pode ajudar em taxa, limite e prazo, mas sem garantia de resultado. É um patrimônio invisível que vale a pena cuidar.

Leonardo Rezende
Especialista em dívidas empresariais

#cadastropositivo #historicodecredito #credito #gestaodepassivos #empresarios",novo3
info_519,info/info_519.jpg,"Desconto grande atrai, e é por isso que golpistas usam. Campanhas reais existem, mas só o canal oficial confirma. Não pague nada antes de checar o contato e o beneficiário por conta própria.

Leonardo Rezende
Especialista em dívidas empresariais

#golpe #descontodedivida #negociacaodedividas #cobranca #gestaodepassivos",novo3
info_520,info/info_520.jpg,"Novação é uma palavra difícil para uma ideia simples: a dívida antiga dá lugar às condições do plano aprovado. Segundo o art. 59, isso vale para o devedor e para os credores sujeitos ao plano. Por isso vale ler cada cláusula antes da votação.

Leonardo Rezende
Especialista em dívidas empresariais

#recuperacaojudicial #novacao #planoderecuperacao #dividasempresariais #direitoempresarial",novo3
info_521,info/info_521.jpg,"Checklist é chato, mas poupa erro caro. Conferir nomes, valores e datas antes de enviar leva dois minutos, e corrigir depois leva muito mais. Eu confio mais na rotina do que na memória.

Leonardo Rezende
Especialista em dívidas empresariais

#checklist #disciplina #rotina #advocacia #trabalho",novo3
info_522,info/info_522.jpg,"Pedir taxa antecipada para apagar dívida é um alerta. Dívida verdadeira se resolve com o credor, por acordo ou pagamento, e depois vem a baixa do registro. Antes de pagar qualquer coisa, confirme quem é a empresa e por que ela cobra.

Leonardo Rezende
Especialista em dívidas empresariais

#golpe #limpanome #negativacao #dividasempresariais #gestaodepassivos",novo3
info_523,info/info_523.jpg,"Acordo fechado não termina na assinatura. Vale conferir se o texto prevê a baixa das garantias e a retirada do registro de inadimplência depois do pagamento. Esse cuidado evita que a dívida resolvida volte como dor de cabeça.

Leonardo Rezende
Especialista em dívidas empresariais

#acordo #baixadegarantia #negativacao #negociacaodedividas #dividasempresariais",novo3
info_524,info/info_524.jpg,"Quando o sócio põe dinheiro no caixa da empresa como empréstimo, o ideal é um contrato escrito de mútuo. Valor, prazo e devolução ficam claros, e as contas não se misturam. Documento simples evita briga e dúvida lá na frente.

Leonardo Rezende
Especialista em dívidas empresariais

#mutuo #socios #contabilidade #dividasempresariais #gestaodepassivos",novo3
info_525,info/info_525.jpg,"Crédito responsável começa antes da assinatura: quem oferece precisa informar com clareza, e quem contrata precisa conferir se a parcela cabe no caixa. Perguntar o custo total e o prazo é um hábito saudável. Conta feita antes evita aperto depois.

Leonardo Rezende
Especialista em dívidas empresariais

#creditoresponsavel #educacaofinanceira #custototal #credito #dividasempresariais",novo3
info_526,info/info_526.jpg,"Deságio é a palavra técnica para o desconto que o plano propõe nas dívidas. Ele não vale por conta própria, depende da aprovação do plano. Por isso o desconto precisa vir junto com um plano de pagamento que o credor entenda.

Leonardo Rezende
Especialista em dívidas empresariais

#desagio #planoderecuperacao #recuperacaojudicial #credores #dividasempresariais",novo3
info_527,info/info_527.jpg,"Em muitos bancos, o histórico dos sócios conta na análise de crédito da empresa, principalmente quando há aval. Por isso, cuidar do próprio nome também é cuidar do negócio. Conferir o seu histórico antes de pedir crédito evita surpresa.

Leonardo Rezende
Especialista em dívidas empresariais

#credito #socios #analisedecredito #dividasempresariais #gestaodepassivos",novo3
info_528,info/info_528.jpg,"Muita gente acha que a recuperação da empresa livra também quem deu aval ou fiança. A lei, no art. 49, § 1º, diz que o credor conserva seus direitos contra fiadores e coobrigados. Por isso o sócio garantidor precisa olhar o próprio contrato com atenção.

Leonardo Rezende
Especialista em dívidas empresariais

#fianca #avalista #recuperacaojudicial #garantias #gestaodepassivos",novo3
info_529,info/info_529.jpg,"Quem está no meio de uma crise não precisa de discurso bonito. Precisa de alguém que atenda o telefone, explique o próximo passo e diga a verdade. Presença vale mais do que qualquer frase de efeito.

Leonardo Rezende
Especialista em dívidas empresariais

#presenca #confianca #crise #advocacia #empresarios",novo3
info_530,info/info_530.jpg,"Sumir por dias porque ainda não há novidade deixa o cliente inseguro. Um aviso curto, dizendo que o caso está em andamento, já muda o clima. Notícia pequena também constrói confiança.

Leonardo Rezende
Especialista em dívidas empresariais

#confianca #comunicacao #advocacia #clientes #transparencia",novo3
info_531,info/info_531.jpg,"Desconto alto chama atenção, mas a conta que importa é a do caixa. Uma dívida de R$ 100 mil com 60% de desconto ainda pede R$ 40 mil, e é preciso saber de onde eles vêm. Antes de comemorar, confira o fôlego e o prazo.

Leonardo Rezende
Especialista em dívidas empresariais

#desconto #acordo #negociacaodedividas #fluxodecaixa #dividasempresariais",novo3
info_532,info/info_532.jpg,"Mínimo existencial é a parte da renda que a renegociação deve preservar, para que a pessoa mantenha o básico. O art. 104-A do CDC trata da repactuação, com audiência com os credores e plano de pagamento de até cinco anos. Vale para dívida de consumo da pessoa física, não da empresa.

Leonardo Rezende
Especialista em dívidas empresariais

#minimoexistencial #superendividamento #repactuacao #pessoafisica #direitobancario",novo3
info_533,info/info_533.jpg,"Decisão de dinheiro no pior dia costuma sair cara. Raiva e cansaço pedem pressa, e pressa raramente negocia bem. Espere uma noite, releia os números e decida com a cabeça fria.

Leonardo Rezende
Especialista em dívidas empresariais

#dinheiro #calma #decisoes #financaspessoais #mentalidade",novo3
info_534,info/info_534.jpg,"Carência no início do plano pode ajudar o caixa a respirar, mas precisa estar prevista e ser aprovada pelos credores. Os credores votam por classes, e o juiz verifica se o processo seguiu a lei. O segredo é uma carência que caiba na realidade da empresa.

Leonardo Rezende
Especialista em dívidas empresariais

#planoderecuperacao #carencia #recuperacaojudicial #fluxodecaixa #empresarios",novo3
info_535,info/info_535.jpg,"Crédito responsável também é direito. O art. 6º, XI, do CDC fala de educação financeira e de prevenção e tratamento do superendividamento. Vale para a pessoa física nas dívidas de consumo. O empresário também entra quando a dívida de consumo é dele, e não do negócio.

Leonardo Rezende
Especialista em dívidas empresariais

#superendividamento #creditoresponsavel #educacaofinanceira #direitobancario #dividas",novo3
info_536,info/info_536.jpg,"Antes de negociar, defina três cenários: o ideal, o possível e o mínimo aceitável. Assim você não improvisa na conversa e sabe até onde pode ir. Serve para acordo com banco e também para plano de recuperação.

Leonardo Rezende
Especialista em dívidas empresariais

#negociacaodedividas #estrategia #planejamento #gestaodepassivos #bancos",novo3
info_537,info/info_537.jpg,"Chegar cinco minutos antes é um gesto pequeno que o cliente percebe. Mostra que o tempo dele importa, e confiança é feita desses detalhes repetidos. Eu prefiro esperar a fazer o outro esperar.

Leonardo Rezende
Especialista em dívidas empresariais

#pontualidade #respeito #confianca #advocacia #trabalho",novo3
info_538,info/info_538.jpg,"Quem pede recuperação judicial sem preparo perde tempo precioso. Chegar com caixa projetado, credores listados e uma proposta inicial dá consistência ao pedido. Preparar vem antes de protocolar.

Leonardo Rezende
Especialista em dívidas empresariais

#recuperacaojudicial #planejamento #planoderecuperacao #empresasemcrise #gestaodepassivos",novo3
info_539,info/info_539.jpg,"Nome negativado é sintoma, e não regra de bloqueio para a recuperação judicial. O que pesa são os requisitos da lei e o retrato real da empresa. Por isso o primeiro passo é um diagnóstico dos números, sem pressa.

Leonardo Rezende
Especialista em dívidas empresariais

#recuperacaojudicial #negativacao #requisitos #diagnosticofinanceiro #empresarios",novo3
info_540,info/info_540.jpg,"Um passo possível todo dia leva mais longe do que uma semana heroica e um mês parado. Eu prefiro um ritmo que consigo manter. Disciplina é a soma dos dias comuns.

Leonardo Rezende
Especialista em dívidas empresariais

#disciplina #constancia #ritmo #mentalidade #trabalho",novo3
info_541,info/info_541.jpg,"Querer resultado em uma semana e desistir é o caminho mais comum. Olhar o avanço mês a mês, mesmo que pequeno, mantém a gente em movimento. Perseverança também é saber medir o progresso.

Leonardo Rezende
Especialista em dívidas empresariais

#perseveranca #constancia #mentalidade #trabalho #disciplina",novo3
