id,arquivo,legenda,origem,frase
tw_763,tw/tw_763.jpg,"Carência alivia o caixa agora, e isso pode ser útil num momento apertado. O que ninguém conta é que o saldo pode estar crescendo em silêncio. Peça a simulação do saldo para o primeiro dia de pagamento e compare com o valor de hoje.

Leonardo Rezende
Especialista em dívidas empresariais

#carencia #juros #direitobancario #gestaodepassivos #empresario",novo4,"Carência na parcela não é presente do banco. Em muitos contratos, os juros do período sem pagar continuam correndo e entram no saldo. Pergunte quanto a dívida terá crescido quando a carência acabar."
tw_764,tw/tw_764.jpg,"Muita empresa descobre essa cláusula no dia em que o dinheiro da folha some da conta. Não é para sair correndo de banco nenhum. É para saber o que você autorizou ao assinar e, se for o caso, separar onde o caixa fica. Contrato lido antes evita susto depois.

Leonardo Rezende
Especialista em dívidas empresariais

#contratobancario #fluxodecaixa #dividaempresarial #gestaodepassivos #empresario",novo4,Faturamento entra na mesma conta onde o banco é credor? Leia no contrato o que ele diz sobre débito direto. Concentrar todo o caixa num lugar só pode deixar a empresa sem margem de manobra.
tw_765,tw/tw_765.jpg,"Tem empresário que cuida bem do negócio e esquece do cartão e do cheque especial pessoal. Na hora de pedir crédito, tudo aparece na mesma consulta. Organize as duas pontas juntas, porque quem analisa enxerga as duas.

Leonardo Rezende
Especialista em dívidas empresariais

#credito #socios #dividaempresarial #gestaodepassivos #direitobancario",novo4,"O banco olha o CNPJ da empresa e também o CPF dos sócios. Dívida pessoal atrasada pode travar o crédito do negócio, mesmo com a empresa em dia. Na análise, pessoa e empresa se cruzam."
tw_766,tw/tw_766.jpg,"A venda de dívida existe e é comum. O problema é pagar para quem não é o credor ou aceitar um valor sem saber de onde ele veio. Peça por escrito o nome do credor atual, o contrato de origem e o saldo detalhado. Só depois converse sobre proposta.

Leonardo Rezende
Especialista em dívidas empresariais

#cobranca #negociacaodedivida #gestaodepassivos #direitobancario #empresario",novo4,"Dívida pode ser vendida para outra empresa de cobrança. Se alguém ligar dizendo que agora é dono do seu débito, peça o comprovante dessa transferência antes de pagar qualquer boleto."
tw_767,tw/tw_767.jpg,"A antecipação resolve um buraco de curto prazo e tem a sua utilidade. O risco é virar hábito, porque o próximo mês já nasce com menos dinheiro e o buraco volta maior. Faça a conta do desconto no ano, não só no dia.

Leonardo Rezende
Especialista em dívidas empresariais

#capitaldegiro #recebiveis #fluxodecaixa #gestaodepassivos #empresario",novo4,"Antecipar recebível parece dinheiro novo. Na prática, é vender hoje o faturamento de amanhã com desconto. Anote quanto do que vai entrar no mês que vem já foi gasto antes de chegar."
tw_768,tw/tw_768.jpg,"Pouca gente sabe que essa proteção existe e menos gente ainda percebe quando ela foi retirada do papel. Leia o trecho sobre renúncia com calma e pergunte o que ele significa na prática. Fiança assinada sem leitura costuma ser entendida só quando a cobrança chega.

Leonardo Rezende
Especialista em dívidas empresariais

#fianca #aval #garantias #direitobancario #gestaodepassivos",novo4,"Quem assina como fiador, em regra, pode pedir que primeiro se cobrem os bens do devedor. Mas muitos contratos trazem cláusula abrindo mão desse direito. Procure essa cláusula antes de assinar a fiança."
tw_769,tw/tw_769.jpg,"A facilidade é o que torna esse crédito perigoso, porque a decisão leva segundos e a parcela dura meses. Se o dinheiro cobre um gasto que se repete, o problema volta. Se gera receita, a conta pode fazer sentido. Vale separar uma coisa da outra antes de clicar.

Leonardo Rezende
Especialista em dívidas empresariais

#credito #juros #endividamento #gestaodepassivos #direitobancario",novo4,"Limite pré-aprovado no aplicativo não é renda extra. É dívida esperando um toque na tela. Antes de usar, pergunte qual a taxa e para que esse dinheiro vai servir."
tw_770,tw/tw_770.jpg,"Tratar o gerente como adversário só trava a conversa. Ele precisa de justificativa por escrito para levar adiante: fluxo de caixa, origem do pagamento, histórico. Entregue isso organizado e você trabalha a favor da sua própria proposta.

Leonardo Rezende
Especialista em dívidas empresariais

#renegociacao #negociacaobancaria #dividaempresarial #gestaodepassivos #empresario",novo4,"O gerente do banco, na maioria das vezes, não decide sozinho. Ele leva a sua proposta para outra instância. Apresente números claros que ele consiga defender, e a conversa anda com menos atrito."
tw_771,tw/tw_771.jpg,"É um pedido simples e muita gente nunca faz. Mostre quando o dinheiro realmente entra na empresa e proponha uma data que combine com isso. Nem sempre o banco aceita, mas só quem pede fica sabendo a resposta.

Leonardo Rezende
Especialista em dívidas empresariais

#fluxodecaixa #parcela #renegociacao #gestaodepassivos #dividaempresarial",novo4,"A parcela vence no dia cinco e o seu cliente só paga no dia vinte. Às vezes, ajustar a data de vencimento ao ritmo do caixa alivia mais do que diminuir o valor da parcela."
tw_772,tw/tw_772.jpg,"O microempreendedor costuma tratar o crédito do negócio e o da casa como se fossem um só, porque na prática são. A conversa com o credor precisa olhar o orçamento inteiro. Liste tudo o que deve e decida a ordem com calma.

Leonardo Rezende
Especialista em dívidas empresariais

#mei #microempreendedor #dividaempresarial #gestaodepassivos #endividamento",novo4,"No MEI, a empresa e a pessoa se confundem na hora da dívida. Não existe parede entre o CNPJ e o CPF. Por isso, organizar o que se deve cedo importa ainda mais para quem trabalha por conta própria."
tw_773,tw/tw_773.jpg,"Os dois entram na conta final e podem pesar de forma diferente ao longo do contrato. Peça a planilha com as colunas separadas: principal, juros, correção e multa. Quando cada item aparece sozinho, fica bem mais fácil conferir o que está certo.

Leonardo Rezende
Especialista em dívidas empresariais

#juros #contratobancario #planilhadedebito #direitobancario #gestaodepassivos",novo4,Juros são um número. Correção do saldo é outro. Muita gente confere só a taxa e esquece de perguntar qual índice atualiza a dívida todo mês e desde quando ele é aplicado.
tw_774,tw/tw_774.jpg,"Três linhas bastam: o que foi combinado, o prazo e quem faz o quê. Se algo estiver errado, o cliente corrige logo, quando ainda é fácil. A palavra continua valendo muito, mas fica mais forte com registro.

Leonardo Rezende
Especialista em dívidas empresariais

#confianca #palavra #advocacia #clientes #empresario",novo4,"Combinou algo de boca com o cliente? Mande um e-mail no mesmo dia resumindo. Não é desconfiança. É respeito pela memória dos dois, que costuma falhar quando o assunto fica antigo."
tw_775,tw/tw_775.jpg,"Essa fase parece perda de tempo, mas é nela que se separa quem desiste de quem constrói. Eu aprendi a manter a rotina simples: uma ligação, uma anotação, uma atualização por dia. O movimento pequeno mantém o caso vivo.

Leonardo Rezende
Especialista em dívidas empresariais

#perseveranca #trabalho #rotina #advocacia #empresario",novo4,"Em todo trabalho longo existe uma semana em que nada anda. Quem chega ao fim é quem continua anotando, ligando e atualizando, mesmo sem ver resposta."
tw_776,tw/tw_776.jpg,"Prazo realista é uma forma de respeito. O cliente organiza a vida em cima do que você diz, então cada data dita tem peso. Se a margem estiver apertada, avise antes de vencer. Quem avisa cedo costuma ser ouvido com mais paciência.

Leonardo Rezende
Especialista em dívidas empresariais

#confianca #prazo #reputacao #advocacia #empresario",novo4,Prometa menos e entregue por inteiro. Dizer que fica pronto na quinta e entregar na quarta cria mais confiança do que prometer segunda e aparecer na terça com uma desculpa.
tw_777,tw/tw_777.jpg,"Parece pouco, mas muda a reunião. O cliente percebe que o tempo dele está sendo respeitado, e você sai com próximos passos claros. No final, releia os três pontos em voz alta e confirme quem faz o quê.

Leonardo Rezende
Especialista em dívidas empresariais

#trabalho #reuniao #organizacao #advocacia #clientes",novo4,"Antes de qualquer reunião, escreva três pontos que precisam sair dela decididos. Sem isso, a conversa vira desabafo bem-intencionado e todo mundo sai com a sensação de ter feito muito sem resolver nada."
tw_778,tw/tw_778.jpg,"Uma das melhores decisões que tomei no escritório foi nunca ter vergonha de perguntar. Um olhar de fora enxerga o que a pressa esconde. E o cliente ganha, porque o caso passa por mais de uma cabeça.

Leonardo Rezende
Especialista em dívidas empresariais

#humildade #trabalho #advocacia #equipe #perseveranca",novo4,Pedir ajuda a um colega mais experiente não diminui ninguém. Diminui o tempo do problema. Quem carrega tudo sozinho só prolonga o que podia ser resolvido numa conversa curta.
tw_779,tw/tw_779.jpg,"Muita gente espera o momento certo, a segunda-feira perfeita ou o começo do ano. Mas recomeçar é uma ação pequena e silenciosa. Faça a primeira linha hoje, mesmo que seja só a lista do que você deve. O resto se constrói depois.

Leonardo Rezende
Especialista em dívidas empresariais

#recomeco #perseveranca #dividaempresarial #planejamento #empresario",novo4,"Recomeço não precisa de anúncio. Ninguém precisa saber que hoje é o dia um. Basta abrir a planilha, escrever a primeira linha e fazer o dia seguinte parecer um pouco mais possível."
tw_780,tw/tw_780.jpg,"Cliente aflito merece um advogado de cabeça arejada. Se eu levo o peso do dia anterior para a reunião seguinte, atendo pior. Descobrir o meu ritual foi tão importante quanto aprender qualquer matéria.

Leonardo Rezende
Especialista em dívidas empresariais

#advocacia #rotina #trabalho #confianca #equilibrio",novo4,"Quem trabalha com problema dos outros precisa de um ritual para deixar o peso na porta. Caminhar, ouvir música, fechar o notebook. Cuidar de quem cuida também faz parte do ofício."
