id,arquivo,legenda,estilo,origem
prem_domino,info/prem_domino.jpg,"Uma parcela atrasada pode puxar todas as outras. Em muitos contratos existe a cláusula de vencimento antecipado: atrasou uma, o banco pode cobrar o saldo inteiro de uma vez.

Por isso, antes de deixar uma parcela passar, vale ler o contrato com calma e ver o que ele diz sobre atraso. É muito mais fácil conversar antes de a primeira peça cair.

Leonardo Rezende
Especialista em dívidas empresariais

#vencimentoantecipado #direitobancario #dividaempresarial #gestaodepassivos #empresario",3d,premium
prem_numero,info/prem_numero.jpg,"Taxa de 2% ao mês parece pouco, mas não é 24% ao ano. Como os juros do mês entram no saldo e passam a render juros também, o resultado fecha em 26,82%.

A conta é simples: 1,02 elevado a 12, menos 1. Por isso, compare sempre a taxa anual e não só a mensal quando for olhar uma proposta.

Pequena diferença por mês vira diferença grande no fim do contrato.

Leonardo Rezende
Especialista em dívidas empresariais

#juroscompostos #direitobancario #dividaempresarial #gestaodepassivos #empresario",numero,premium
prem_p27_jenga,info/prem_p27_jenga.jpg,"Pegar um empréstimo novo para quitar o antigo parece alívio. Por alguns meses, até é. Mas, se a causa do aperto continua, a dívida só muda de lugar, e geralmente fica mais cara.

É como no jogo de blocos: você tira a peça de baixo para colocar em cima. A torre cresce, mas fica cada vez mais instável.

Antes de trocar uma dívida por outra, entenda por que o caixa não fechou e compare o custo total das duas.

Leonardo Rezende
Especialista em dívidas empresariais

#boladeneve #endividamento #dividaempresarial #fluxodecaixa #gestaodepassivos",3d,premium
prem_p16_seguro_embutido,info/prem_p16_seguro_embutido.jpg,"Muito contrato vem com um seguro opcional incluído na parcela, e nem sempre o cliente percebe.

Peça o detalhamento do contrato e confira linha por linha o que está sendo cobrado. Se algum item não foi contratado por você, vale questionar.

Quem lê o contrato com calma evita pagar por algo que nunca pediu.

Leonardo Rezende
Especialista em dívidas empresariais

#contratobancario #seguro #dividaempresarial #gestaodepassivos #direitobancario",papel,premium
prem_soro,info/prem_soro.jpg,"Crédito emergencial segura a empresa por um tempo, igual soro. Ajuda a atravessar o aperto, mas não trata o que causou o aperto.

Se o caixa continua furado, o dinheiro novo só adia o problema e ainda soma parcela nova. Quem cura é o plano: saber quanto entra, quanto sai e qual dívida pesa mais.

Antes de pegar mais crédito, faça essa conta. Ela muda a conversa com o banco.

Leonardo Rezende
Especialista em dívidas empresariais

#creditoempresarial #fluxodecaixa #dividaempresarial #gestaodepassivos #empresario",3d,premium
prem_p22_notificacao,info/prem_p22_notificacao.jpg,"Chegou notificação do banco? Respira. Ela é um aviso formal: o banco está dizendo que existe uma pendência e que pretende cobrar. Ainda não é decisão de juiz nenhum.

O erro mais comum é engavetar a carta. Leia com calma, guarde o envelope e o comprovante de recebimento e anote o prazo.

Se for responder, responda por escrito e dentro do prazo. É assim que você cria registro e abre espaço para negociar com estratégia.

Leonardo Rezende
Especialista em dívidas empresariais

#notificacaoextrajudicial #direitobancario #dividaempresarial #gestaodepassivos #empresario",moldura,premium
prem_p25_ancora,info/prem_p25_ancora.jpg,"Alienação fiduciária e hipoteca deixam o crédito mais fácil e, muitas vezes, mais barato. Mas cobram um preço: o bem fica preso à dívida.

Na alienação fiduciária, a propriedade fica com o credor até a quitação. Na hipoteca, o bem continua seu, mas responde pela dívida.

Antes de assinar, veja exatamente qual bem entra, por quanto tempo fica preso e o que acontece se uma parcela atrasar.

Leonardo Rezende
Especialista em dívidas empresariais

#alienacaofiduciaria #garantiabancaria #direitobancario #protecaopatrimonial #dividaempresarial",3d,premium
prem_p31_depois_eu_vejo,info/prem_p31_depois_eu_vejo.jpg,"Quase todo contrato bancário tem uma cláusula de vencimento antecipado. Atrasou parcela, descumpriu alguma obrigação, e o banco pode cobrar a dívida inteira de uma vez, não só o que venceu.

O problema é que muita gente só descobre isso quando chega a notificação. Aí o prazo é curto e a margem de negociação diminui.

O melhor momento para falar com o banco é antes do atraso, com números na mão e uma proposta que caiba no caixa.

Leonardo Rezende
Especialista em dívidas empresariais

#vencimentoantecipado #negociacaobancaria #dividaempresarial #direitobancario #gestaodepassivos",citacao,premium
prem_p08_peao,info/prem_p08_peao.jpg,"Tratar todas as dívidas como se fossem iguais é um erro comum. Cada uma tem uma taxa, um prazo e uma garantia diferentes, e elas pesam de formas diferentes no caixa.

Monte uma lista com o saldo, a taxa e o vencimento de cada dívida. A que mais pesa no seu fluxo de caixa é a primeira que merece atenção na hora de negociar.

Quando você enxerga uma por uma, a conversa com o credor muda.

Leonardo Rezende
Especialista em dívidas empresariais

#gestaodepassivos #dividaempresarial #negociacao #fluxodecaixa #empresario",3d,premium
prem_p26_excesso_execucao,info/prem_p26_excesso_execucao.jpg,"Quando chega uma execução, o número do banco parece definitivo. Não é. O cálculo pode trazer encargos que não estão no contrato, juros cobrados em duplicidade ou até parcelas que já foram pagas.

O CPC, no art. 917, III, permite alegar excesso de execução nos embargos. Mas é preciso apontar o valor que você entende correto, com a memória de cálculo.

Por isso, antes de pagar ou negociar, confira o cálculo linha por linha.

Leonardo Rezende
Especialista em dívidas empresariais

#execucaobancaria #embargosaexecucao #excessodeexecucao #direitobancario #dividaempresarial",papel,premium
prem_p04_carencia,info/prem_p04_carencia.jpg,"Carência significa que você fica um tempo sem pagar parcela. Não significa que a dívida ficou parada.

Os juros continuam correndo nesse período e entram no saldo devedor. Quando a carência acaba, a dívida está maior do que quando começou.

Antes de aceitar uma carência, pergunte quanto o saldo vai estar no fim dela e como a parcela fica depois.

Leonardo Rezende
Especialista em dívidas empresariais

#carencia #juros #dividaempresarial #gestaodepassivos #direitobancario",3d,premium
prem_p28_juros_price,info/prem_p28_juros_price.jpg,"Pegou R$ 20 mil a 2% ao mês em 24 parcelas? Na tabela Price, a parcela fica em R$ 1.057,42. Multiplica por 24: R$ 25.378,13. Ou seja, R$ 5.378 só de juros.

E repara no gráfico: no começo, mais de um terço da parcela é juro. Na 1ª parcela são R$ 400 de juros; na última, R$ 20,73. Por isso quitar no fim economiza bem menos do que parece.

Antes de assinar, peça a tabela de amortização e o custo efetivo total. Compare o total pago, não só a parcela.

Leonardo Rezende
Especialista em dívidas empresariais

#tabelaprice #juros #capitaldegiro #dividaempresarial #gestaodepassivos",numero,premium
prem_p10_bola_de_neve,info/prem_p10_bola_de_neve.jpg,"Pagar só os juros dá uma sensação de alívio, mas o saldo continua igual. Todo mês os juros voltam, e a dívida segue do mesmo tamanho ou maior.

Se o saldo não cai, você não está pagando a dívida, está pagando o aluguel dela.

Vale sentar e ver quanto do que você paga todo mês realmente abate o principal.

Leonardo Rezende
Especialista em dívidas empresariais

#juros #saldodevedor #dividaempresarial #gestaodepassivos #direitobancario",3d,premium
prem_p30_multa_2,info/prem_p30_multa_2.jpg,"Em contrato de consumo, a multa por atraso tem teto: 2% do valor da prestação (CDC, art. 52, § 1º). Os juros de mora são outra conta, separada da multa.

Viu 10% de multa no boleto do financiamento pessoal? Vale conferir o contrato e o cálculo.

Agora, se o crédito é da empresa, como capital de giro, a análise é caso a caso: nem todo contrato de PJ é relação de consumo. Por isso a primeira pergunta é sempre: que contrato é esse?

Leonardo Rezende
Especialista em dívidas empresariais

#multa #cdc #direitodoconsumidor #contratobancario #dividaempresarial",papel,premium
prem_p14_paraquedas,info/prem_p14_paraquedas.jpg,"Recuperação judicial funciona como um paraquedas: serve para pousar com segurança, com plano e com os credores votando.

Não serve para continuar voando como se nada tivesse acontecido. A empresa precisa de um plano de verdade, que o caixa consiga cumprir.

Antes de pensar em recuperação, entenda o tamanho das dívidas e o que ainda dá para negociar.

Leonardo Rezende
Especialista em dívidas empresariais

#recuperacaojudicial #planodenegocios #dividaempresarial #gestaodepassivos #empresario",3d,premium
prem_p12_tarifas,info/prem_p12_tarifas.jpg,"Um pacote de tarifas de R$ 100 por mês parece pouco. Em um ano, são R$ 1.200, dinheiro que sai do caixa da empresa todo mês.

Vale olhar o extrato com calma e ver quais tarifas você paga e se usa o que está pagando. Muita empresa mantém pacote que nem usa.

Quem acompanha a tarifa, controla o custo.

Leonardo Rezende
Especialista em dívidas empresariais

#tarifasbancarias #caixadaempresa #dividaempresarial #gestaodepassivos #direitobancario",numero,premium
prem_p11_iceberg,info/prem_p11_iceberg.jpg,"A parcela é só a ponta do iceberg. Debaixo da água ficam os juros, as tarifas, o seguro e o IOF.

Quando o banco mostra só o valor da parcela, você não vê o custo total. O número que importa é o CET, o Custo Efetivo Total, que reúne tudo o que está no contrato.

Compare o CET entre as propostas, não a parcela.

Leonardo Rezende
Especialista em dívidas empresariais

#CET #custoefetivototal #dividaempresarial #gestaodepassivos #direitobancario",3d,premium
prem_p33_cpf_cnpj,info/prem_p33_cpf_cnpj.jpg,"Dívida da empresa é do CNPJ. Mas, em muitos contratos bancários, o sócio assina junto como avalista, fiador ou devedor solidário. E aí a dívida também passa a ser do CPF.

Por isso o primeiro passo é montar dois mapas: o que a empresa deve e o que você, pessoa física, garantiu. Pegue cada contrato e veja onde está a sua assinatura e em que condição.

Com os dois mapas separados, fica claro o que proteger primeiro e por onde começar a negociação.

Leonardo Rezende
Especialista em dívidas empresariais

#cpfecnpj #avalista #socio #dividaempresarial #gestaodepassivos",papel,premium
prem_p23_bussola,info/prem_p23_bussola.jpg,"Muita empresa chega na mesa do banco aceitando a primeira proposta. Só que parcela boa não é a menor que o gerente oferece: é a que o seu caixa consegue pagar até no mês mais fraco do ano.

Antes de negociar, levante entradas e saídas dos últimos 12 meses, separe o que é fixo e descubra quanto sobra de verdade.

Com esse número na mão, você para de navegar no escuro e passa a propor um acordo que dá para cumprir.

Leonardo Rezende
Especialista em dívidas empresariais

#negociacaobancaria #fluxodecaixa #dividaempresarial #gestaofinanceira #empresario",3d,premium
prem_p24_semaforo,info/prem_p24_semaforo.jpg,"Três sinais rápidos para saber como está o caixa da sua empresa.

Verde: as parcelas cabem até no mês mais fraco. Amarelo: o limite da conta virou parte do mês, todo mês. Vermelho: você atrasa imposto ou fornecedor para conseguir pagar o banco.

Se acendeu o amarelo, é hora de reorganizar. Se acendeu o vermelho, a dívida já está comendo a operação, e quanto antes você agir, mais opções tem na mesa.

Leonardo Rezende
Especialista em dívidas empresariais

#fluxodecaixa #saudefinanceira #dividaempresarial #gestaodepassivos #pequenasempresas",3d,premium
prem_p17_balanca,info/prem_p17_balanca.jpg,"A taxa que está no contrato e a taxa que você paga têm que bater. É isso que o contrato mede.

Se a parcela pesa mais do que o contrato diz, vale refazer a conta. Às vezes a diferença está em tarifa, seguro ou juro cobrado a mais.

Pegue o contrato, a planilha de parcelas e compare com calma.

Leonardo Rezende
Especialista em dívidas empresariais

#taxadejuros #contratobancario #dividaempresarial #gestaodepassivos #direitobancario",3d,premium
prem_p29_fiador_60_dias,info/prem_p29_fiador_60_dias.jpg,"Assinou fiança sem prazo determinado? O Código Civil (art. 835) deixa o fiador sair quando quiser. Mas não é na hora: depois de notificar o credor, ele continua respondendo pela fiança por mais 60 dias.

Na prática: faça a notificação por escrito, guarde o comprovante e conte o prazo a partir do recebimento. Se a fiança tem prazo certo, a regra é outra.

Em contrato de aluguel, a Lei do Inquilinato tem regra própria, com prazo diferente. Vale olhar o contrato antes de agir.

Leonardo Rezende
Especialista em dívidas empresariais

#fianca #fiador #codigocivil #dividaempresarial #direitobancario",3d,premium
prem_p19_escada_caixa,info/prem_p19_escada_caixa.jpg,"Antes de pegar crédito caro, tem uma escada para subir. Primeiro, cobrar os recebíveis. Depois, negociar prazo com fornecedores. Depois, cortar custos.

Só então, se ainda faltar, vem o crédito. Muita empresa começa pelo último degrau e paga juros que podiam ser evitados.

Um bom planejamento de caixa começa pelo que está dentro da empresa.

Leonardo Rezende
Especialista em dívidas empresariais

#fluxodecaixa #capitaldegiro #dividaempresarial #gestaodepassivos #empresario",3d,premium
prem_p32_ima,info/prem_p32_ima.jpg,"O cheque especial nasceu para ser emergência de poucos dias. Quando vira rotina, todo dinheiro que entra na conta vai primeiro cobrir o saldo negativo e os juros. O caixa nunca chega a sobrar.

E é um dos créditos mais caros do mercado. A empresa trabalha, vende, recebe, e o limite puxa tudo de volta.

A saída costuma ser trocar essa dívida rotativa por uma estrutura com prazo e parcela definidos, com um plano de caixa por trás. Primeiro passo: medir quantos dias por mês a conta fica no vermelho.

Leonardo Rezende
Especialista em dívidas empresariais

#chequeespecial #fluxodecaixa #capitaldegiro #dividaempresarial #gestaodepassivos",3d,premium
prem_p20_funil,info/prem_p20_funil.jpg,"Faturamento alto e caixa vazio é mais comum do que parece. O dinheiro entra, mas escoa por um gargalo.

Costuma ser por três lugares: prazos longos dados aos clientes, retiradas dos sócios e parcelas de empréstimos. Vale olhar cada um.

Faturar não é o mesmo que ter caixa. O que sobra no fim do mês é o que conta.

Leonardo Rezende
Especialista em dívidas empresariais

#fluxodecaixa #faturamento #dividaempresarial #gestaodepassivos #empresario",3d,premium
prem_p05_enxugar_gelo,info/prem_p05_enxugar_gelo.jpg,"Rolar a dívida só esticando o prazo é enxugar gelo. A parcela cai um pouco, o alívio dura pouco e o custo total sobe.

Antes de renegociar, faça o mapa do caixa: quanto entra, quanto sai e quanto sobra de verdade. Só com esse número dá para propor um acordo que a empresa cumpre.

Prazo maior sem plano é só uma dívida mais longa.

Leonardo Rezende
Especialista em dívidas empresariais

#renegociacao #fluxodecaixa #dividaempresarial #gestaodepassivos #empresario",3d,premium
prem_p13_cartao_cartao,info/prem_p13_cartao_cartao.jpg,"Pagar um cartão com o limite do outro dá a impressão de que a conta foi resolvida. Mas a dívida só mudou de lugar.

A cada volta entram juros novos, e o total cresce sem aparecer em nenhum lugar. Quando o limite acaba, a conta chega toda de uma vez.

Se você já está nesse ciclo, o primeiro passo é juntar todas as dívidas em um só quadro.

Leonardo Rezende
Especialista em dívidas empresariais

#cartaodecredito #rotativo #dividaempresarial #gestaodepassivos #empresario",3d,premium
prem_p21_golpe,info/prem_p21_golpe.jpg,"Mensagem prometendo 90% de desconto na dívida e pedindo para você pagar um boleto é o golpe da falsa renegociação.

Antes de pagar qualquer boleto, confirme no canal oficial do credor: site, aplicativo ou telefone que você mesmo procurou. Desconfie de número desconhecido e de pressa.

Se houver dúvida, não pague e peça o contrato da negociação por escrito.

Leonardo Rezende
Especialista em dívidas empresariais

#golpe #renegociacao #dividaempresarial #gestaodepassivos #seguranca",3d,premium
prem_p18_labirinto,info/prem_p18_labirinto.jpg,"Dívida sem mapa vira labirinto. Cada banco tem uma taxa, um prazo e uma garantia, e fica difícil saber por onde começar.

O primeiro passo é montar o mapa: credor, saldo, taxa, vencimento e garantia de cada dívida.

Com tudo no papel, você enxerga quais pesam mais e por onde negociar primeiro.

Leonardo Rezende
Especialista em dívidas empresariais

#gestaodepassivos #mapadedividas #dividaempresarial #fluxodecaixa #empresario",3d,premium
prem_p15_guarda_chuva,info/prem_p15_guarda_chuva.jpg,"Tem um ditado que diz que banco empresta guarda-chuva quando faz sol e quer de volta quando começa a chover. Crédito oferecido com facilidade costuma ser cobrado com pressa na hora do aperto.

Por isso, antes de contratar, olhe para o mês mais fraco do ano e pergunte se a parcela cabe nele. Se só cabe no mês bom, a conta já nasce desequilibrada.

Planejar pelo pior mês é o que mantém a empresa de pé quando o tempo muda.

Leonardo Rezende
Especialista em dívidas empresariais

#credito #planejamentofinanceiro #dividaempresarial #gestaodepassivos #empresario",3d,premium
