id,tipo,arquivo,legenda
rg01,cinza,reels/rg01.mp4,"Contabilidade e estratégia de dívidas precisam conversar. Se o balanço sai atrasado ou os números não refletem a realidade, o passivo real fica escondido e qualquer negociação começa no escuro.

Compartilhar com o contador o plano de renegociação ajuda a registrar as dívidas corretamente, projetar impostos e entender o impacto de cada acordo no resultado.

É um trabalho em equipe: advogado, contador e empresário olhando na mesma direção. Número organizado dá base para uma decisão mais tranquila.

Leonardo Rezende
Especialista em dívidas empresariais

#contabilidadeempresarial #contador #gestaodepassivos #empresario #estrategiafinanceira"
rg02,cinza,reels/rg02.mp4,"Em momentos de aperto, é comum o credor pedir garantias novas: imóvel, aval do sócio, recebíveis. Só que cada garantia carrega um risco que fica para depois.

Antes de oferecer algo, saiba o que já está dado em garantia, o que acontece se houver atraso e como isso atinge os sócios e a família. Pergunte-se se vale a pena.

Garantia é conversa que pede análise cuidadosa e, se possível, apoio de quem entende do assunto. Pensar duas vezes pode evitar problemas lá na frente.

Leonardo Rezende
Especialista em dívidas empresariais

#garantias #avalista #gestaodepassivos #riscoempresarial #empresario"
rg03,cinza,reels/rg03.mp4,"Tem empresa que fatura bem e, mesmo assim, chega no fim do mês com o caixa apertado. Isso costuma acontecer quando o dinheiro entra num ritmo e as contas vencem em outro.

Um bom começo é listar tudo o que vence nos próximos 30 dias e comparar com o que deve entrar. Esse retrato simples já mostra onde está o aperto e o que pode esperar.

Caixa é como o fôlego da empresa: quando se enxerga cedo, dá para respirar melhor.

Leonardo Rezende
Especialista em dívidas empresariais

#caixaapertado #gestaoempresarial #empresario #financasempresariais #gestaodepassivos"
rg04,cinza,reels/rg04.mp4,"Na pressa de fechar acordo, é comum prometer uma parcela que o caixa não sustenta. Alguns meses depois, a empresa atrasa de novo e a conversa fica ainda mais difícil.

Antes de propor um valor, faça a conta com folga: receita, custos fixos, impostos e imprevistos. Prometa só o que dá para cumprir, mesmo que seja menos do que o banco gostaria.

Acordo realista costuma durar mais do que acordo bonito no papel.

Leonardo Rezende
Especialista em dívidas empresariais

#acordobancario #fluxodecaixa #gestaodepassivos #empresario #negociacao"
rg05,cinza,reels/rg05.mp4,"Estoque parado é dinheiro que já saiu do caixa e ainda não voltou. Quanto mais tempo a mercadoria fica na prateleira, mais a empresa perde fôlego para pagar o que vence.

Vale olhar o que gira pouco e avaliar o que pode ser reduzido nas próximas compras. Menos capital preso significa mais folga para as contas do mês.

Giro de estoque também é assunto de caixa.

Leonardo Rezende
Especialista em dívidas empresariais

#estoque #giroestoque #capitalpreso #varejo #gestaofinanceira"
rg06,cinza,reels/rg06.mp4,"O empresário endividado carrega muita pressão, e a cabeça pesa. Mas dívida é um número, com prazo e condições, não uma sentença sobre quem você é.

Quando a gente troca a culpa pelo olhar de gestor, a conversa muda: levanta dados, analisa opções, define prioridades e segue um plano. É assim que as decisões ficam mais lúcidas.

Pedir apoio técnico faz parte da gestão, assim como contar com contador ou consultor. Calma e método costumam andar juntos.

Leonardo Rezende
Especialista em dívidas empresariais

#mentalidadeempresarial #mindsetdegestor #gestaodepassivos #empresario #lideranca"
rg07,cinza,reels/rg07.mp4,"Em empresa com várias dívidas, a informação fica espalhada: um contrato aqui, uma planilha ali, um e-mail do banco que ninguém lembra. O painel de dívidas junta tudo em um só lugar.

Liste cada credor, valor, taxa, vencimento e situação da negociação. Depois, reserve uma rotina de revisão, a cada duas semanas por exemplo, com quem toma decisão na empresa.

O que não é medido, escapa. Com visão clara, o empresário decide com dados e não com susto. Uma tela simples já muda a conversa.

Leonardo Rezende
Especialista em dívidas empresariais

#paineldedividas #controlefinanceiro #gestaodepassivos #empresario #rotinadegestao"
rg08,cinza,reels/rg08.mp4,"Quem projeta o caixa vê o aperto chegando antes de ele chegar. Parece simples, mas muda muito a forma de negociar uma dívida.

Monte uma tabela com as entradas e saídas dos próximos meses, incluindo parcelas, impostos, folha e fornecedores. Aí fica claro em que mês falta dinheiro e quanto de fôlego a empresa tem.

Com essa visão, a proposta que você leva ao credor tem mais chance de ser realista. Enxergar à frente dá mais calma para decidir.

Leonardo Rezende
Especialista em dívidas empresariais

#projecaodecaixa #fluxodecaixa #planejamentofinanceiro #gestaodepassivos #empresario"
rg09,cinza,reels/rg09.mp4,"Muitas vezes o gerente simpatiza com a sua proposta, mas quem aprova é outra instância dentro do banco, com regras e limites próprios de decisão.

Isso explica por que algumas respostas demoram ou chegam diferentes do que foi conversado. Não é falta de interesse, é o caminho interno da análise.

Pergunte como funciona o processo, quem avalia, que documentos são exigidos e qual o prazo de resposta. Saber disso ajuda a planejar o caixa enquanto espera.

Leonardo Rezende
Especialista em dívidas empresariais

#comitedecredito #gerentedebanco #negociacaobancaria #gestaodepassivos #empresario"
rg10,cinza,reels/rg10.mp4,"Passivo fora de controle quase nunca aparece de um dia para o outro. Ele dá sinais antes: você usa uma nova dívida para pagar a antiga, atrasa fornecedor para honrar o banco, perde a conta de quanto deve a cada credor.

Se isso soa familiar, vale parar e fazer um levantamento completo: quem são os credores, quanto, a que custo e com que vencimento.

Reconhecer cedo o sinal é um ato de gestão, não de fraqueza. Olhar para o número é o primeiro passo para retomar o controle.

Leonardo Rezende
Especialista em dívidas empresariais

#sinaisdealerta #passivoempresarial #gestaodepassivos #empresario #endividamento"
rg11,cinza,reels/rg11.mp4,"Sem projeção de caixa, a empresa negocia no escuro: aceita parcela sem saber se vai conseguir pagar daqui a três meses.

Uma projeção simples já ajuda. Liste o que deve entrar e sair mês a mês, inclua impostos, folha e épocas de vendas fracas. Assim você descobre quanto dá para destinar às dívidas com segurança.

Com esse número na mão, a conversa com o banco deixa de ser chute e passa a ter base.

Leonardo Rezende
Especialista em dívidas empresariais

#fluxodecaixa #projecaodecaixa #gestaofinanceira #gestaodepassivos #empresario"
rg12,cinza,reels/rg12.mp4,"Nem toda dívida pesa igual. Algumas ameaçam a operação, outras têm mais flexibilidade, e tratar todas do mesmo jeito costuma gerar desgaste e desperdício de caixa.

Vale ordenar por prazo e por impacto: o que trava o negócio, o que tem vencimento próximo, o que pode ser conversado. Essa fila de prioridades ajuda a decidir onde o dinheiro entra primeiro.

Organizar a ordem já é meio caminho para ter controle.

Leonardo Rezende
Especialista em dívidas empresariais

#prioridadedasdividas #organizacaofinanceira #dividasempresariais #empresarios #gestaodepassivos"
rg13,cinza,reels/rg13.mp4,"Em algumas operações, o banco pede que parte do faturamento passe por uma conta vinculada ao contrato, usada para abater a dívida ou servir de garantia.

Isso pode apertar o caixa, porque o dinheiro que entra nem sempre fica livre para pagar fornecedores, folha e impostos.

Antes de aceitar, pergunte qual percentual fica retido, por quanto tempo e em que situações. Entender isso antes evita surpresa na hora de pagar as contas do mês.

Leonardo Rezende
Especialista em dívidas empresariais

#contavinculada #garantias #creditoempresarial #gestaodepassivos #fluxodecaixa"
rg14,cinza,reels/rg14.mp4,"Crescer é bom, mas crescer sem caixa pode criar dívida. Mais vendas pedem mais estoque, mais equipe e mais capital, antes de o dinheiro voltar.

Projete o caixa antes de expandir e veja se a empresa aguenta o intervalo entre gastar e receber. Se não aguentar, talvez seja melhor crescer em etapas.

Plano antes da expansão dá mais segurança ao negócio.

Leonardo Rezende
Especialista em dívidas empresariais

#crescimentoempresarial #expansao #planejamento #caixa #empreendedorismo"
rg15,cinza,reels/rg15.mp4,"Linhas de crédito voltadas a pequenos negócios, como o PRONAMPE, podem ser uma alternativa interessante. Mas cada operação tem regras próprias de prazo, carência, garantia e elegibilidade.

Antes de contratar, vale conferir se a parcela cabe no caixa depois da carência e se a nova dívida não vai se somar a outras sem planejamento.

Crédito com condições melhores ajuda, mas só quando entra dentro de um plano para a empresa.

Leonardo Rezende
Especialista em dívidas empresariais

#pronampe #creditoparapequenasempresas #empresario #gestaodepassivos #bancos"
rg16,cinza,reels/rg16.mp4,"Lucro no relatório não é o mesmo que dinheiro na conta. A empresa pode vender bem e ainda assim ter dificuldade para pagar o que vence na semana.

Por isso o fluxo de caixa importa: ele mostra, dia a dia ou semana a semana, o que entra e o que sai. Com essa projeção, fica mais fácil enxergar o buraco antes de ele aparecer.

Número organizado dá tranquilidade para decidir com calma.

Leonardo Rezende
Especialista em dívidas empresariais

#fluxodecaixa #financaspj #gestaofinanceira #empreendedorismo #dividasempresariais"
rg17,cinza,reels/rg17.mp4,"Crescer é bom, mas expandir com passivo em aberto exige cuidado. Um novo investimento financiado por mais dívida pode apertar um caixa que já está no limite.

Compare o retorno esperado com o custo do dinheiro, veja se a empresa tem fôlego para suportar o período até o retorno e considere organizar o passivo atual antes de dar o próximo passo.

Nem sempre pausar é o melhor, mas decidir com números evita apostas no escuro. Crescimento sustentável começa pela base.

Leonardo Rezende
Especialista em dívidas empresariais

#expansao #crescimentoempresarial #gestaodepassivos #investimento #empresario"
rg18,cinza,reels/rg18.mp4,"A conta garantida ajuda a cobrir um aperto de curto prazo. O problema aparece quando o limite deixa de ser exceção e vira parte do caixa do dia a dia.

Se a empresa vive no limite, vale olhar o porquê: prazo de recebimento longo, margem apertada, impostos pesados? Entender a causa é o primeiro passo para sair do ciclo.

Limite é uma ferramenta de apoio. Quando vira base da operação, pede um plano.

Leonardo Rezende
Especialista em dívidas empresariais

#contagarantida #fluxodecaixa #gestaodepassivos #empresario #bancos"
rg19,cinza,reels/rg19.mp4,"Chegar no banco só com o pedido de desconto raramente ajuda. O que costuma abrir conversa é informação: quanto a empresa fatura, quanto sobra depois dos custos fixos e quanto realmente consegue pagar por mês.

Monte um cronograma simples, com valores e datas, que caiba no seu caixa. Uma proposta organizada mostra seriedade e facilita a análise do outro lado.

Renegociar não é pedir favor, é apresentar um plano. Quem se prepara conversa com mais tranquilidade.

Leonardo Rezende
Especialista em dívidas empresariais

#renegociacao #bancos #gestaodepassivos #empresario #creditoempresarial"
rg20,cinza,reels/rg20.mp4,"Contratos com bancos, fornecedores e impostos vencem em datas diferentes, e é fácil perder o fio. Quando tudo está espalhado, o susto vira rotina.

Uma ajuda simples é montar uma linha do tempo com todos os vencimentos dos próximos meses. Ao visualizar os picos, dá para se preparar e conversar antes que o mês complique.

Com a agenda das dívidas na mesa, o susto vira planejamento.

Leonardo Rezende
Especialista em dívidas empresariais

#vencimentos #organizacaodedividas #calendariofinanceiro #negocios #gestaodepassivos"
rg21,cinza,reels/rg21.mp4,"Uma proposta de pagamento só funciona se couber na rotina da empresa. Prometer demais para ganhar tempo costuma virar novo atraso e perda de credibilidade com o credor.

O caminho é calcular quanto o caixa consegue destinar por mês às dívidas, sem comprometer folha, fornecedores e impostos, e partir desse número para conversar.

Proposta realista também mostra seriedade, o que costuma abrir espaço para diálogo. É melhor combinar um valor menor e cumprir do que um valor grande e quebrar.

Leonardo Rezende
Especialista em dívidas empresariais

#capacidadedepagamento #propostarealista #gestaodepassivos #negociacao #empresario"
rg22,cinza,reels/rg22.mp4,"Folha de pagamento e encargos vencem todo mês e costumam ser uma das maiores saídas do caixa. Quando as dívidas entram na conta, o aperto pode ser maior.

Veja quanto da receita vai para a folha e planeje esse valor junto das parcelas e dos impostos. Enxergar tudo em um só lugar evita surpresas no dia do pagamento.

Quem planeja a folha tem mais tranquilidade para o resto.

Leonardo Rezende
Especialista em dívidas empresariais

#folhadepagamento #encargos #custofixo #caixadaempresa #empresarios"
rg23,cinza,reels/rg23.mp4,"No dia a dia, o dono costuma estar no operacional: vende, atende, resolve problemas. Sobra pouco tempo para acompanhar prazos, parcelas e negociações com credores.

Por isso ajuda apontar alguém, dentro ou fora da empresa, para cuidar do acompanhamento das dívidas. Apoio técnico libera o dono para o que ele faz de melhor.

Ter quem acompanhe os números muda a rotina.

Leonardo Rezende
Especialista em dívidas empresariais

#gestaodedividas #apoiotecnico #donodeempresa #delegar #gestaodepassivos"
rg24,cinza,reels/rg24.mp4,"Antecipar recebíveis é trocar uma venda a prazo por dinheiro agora. Resolve o aperto do momento, mas o valor que entraria nos próximos meses já foi usado.

Por isso, a conta não é só quanto custa antecipar, e sim como fica o caixa nos meses seguintes. Se a antecipação vira hábito, o buraco costuma só se deslocar para frente.

Simular mês a mês o que entra e o que sai ajuda a decidir quando antecipar faz sentido e quando é melhor buscar outro caminho.

Leonardo Rezende
Especialista em dívidas empresariais

#antecipacaoderecebiveis #fluxodecaixa #gestaofinanceira #empresario #gestaodepassivos"
rg25,cinza,reels/rg25.mp4,"Em momento de aperto, qualquer proposta parece salvação. Mas assinar sem entender o que está escrito pode trazer novas obrigações, garantias extras ou condições difíceis de cumprir.

Peça que o banco explique cada ponto que não ficou claro, inclusive prazo, encargos, garantias e o que acontece em caso de atraso. Se a dúvida persistir, leve a minuta para uma análise técnica.

Tempo para entender não é atraso, é cuidado.

Leonardo Rezende
Especialista em dívidas empresariais

#contratobancario #assinaturadecontrato #gestaodepassivos #empresario #clausulas"
rg26,cinza,reels/rg26.mp4,"Holding virou palavra da moda, mas ainda gera muita confusão. Em termos simples, é uma empresa criada para organizar participações e bens de uma família ou de um grupo de sócios.

Pode ajudar no planejamento societário e na sucessão, quando bem estruturada e dentro da lei. Não é uma fórmula para fugir de dívida, e feita às pressas, em meio à crise, pode até gerar questionamentos.

Cada situação pede análise com calma, olhando o conjunto da empresa e dos sócios. Planejar é diferente de improvisar.

Leonardo Rezende
Especialista em dívidas empresariais

#holding #organizacaosocietaria #planejamentopatrimonial #empresario #gestaoempresarial"
rg27,cinza,reels/rg27.mp4,"Muito empresário sabe quanto deve a cada banco, mas nunca somou tudo: contratos, fornecedores, tributos, parcelamentos. A soma costuma surpreender.

Reúna contratos, valores, parcelas e datas numa única planilha. Com a visão completa, fica mais fácil conversar com credores e decidir o que fazer primeiro.

Saber o total é o ponto de partida de qualquer plano.

Leonardo Rezende
Especialista em dívidas empresariais

#mapeamentodedividas #passivoempresarial #organizacaofinanceira #empresario #gestaodepassivos"
rg28,cinza,reels/rg28.mp4,"Vendeu bastante no cartão e, no fim do mês, parece que o dinheiro não chegou? Isso é mais comum do que parece.

Parte dos recebíveis pode já estar comprometida com antecipações, taxas ou garantias dadas ao banco, e aí o valor que entra no caixa fica bem menor que o faturamento.

Por isso, antes de decidir qualquer coisa, vale olhar o fluxo com calma: o que já foi antecipado, quanto está comprometido e o que realmente sobra para operar. Entender o caminho do dinheiro vem antes de qualquer decisão.

Leonardo Rezende
Especialista em dívidas empresariais

#fluxodecaixa #recebiveis #gestaodepassivos #capitaldegiro #empresario"
rg29,cinza,reels/rg29.mp4,"Muito empresário paga escola, cartão e até aluguel de casa pela conta da empresa. No começo parece prático.

Quando isso vira rotina, o risco aumenta: fica difícil separar o que é gasto da empresa e o que é pessoal, e essa mistura pode gerar confusão patrimonial.

O caminho mais seguro costuma ser registrar as retiradas, separar os pagamentos e manter cada conta com o seu papel. Os documentos importam. Organizar isso cedo evita muita dor de cabeça lá na frente.

Leonardo Rezende
Especialista em dívidas empresariais

#confusaopatrimonial #financasempresariais #gestaoempresarial #empresario #gestaodepassivos"
rg30,cinza,reels/rg30.mp4,"Quando chega a cobrança, o primeiro impulso é olhar só o saldo final. Mas vale olhar além dele: de onde vêm os encargos, como o cálculo foi montado e o que de fato compõe o valor cobrado.

Ter clareza sobre cada parte da dívida ajuda o empresário a conversar com mais segurança e a decidir com os números na mão, em vez de no susto.

Com informação, a conversa muda de nível.

Leonardo Rezende
Especialista em dívidas empresariais

#dividaempresarial #calculodadivida #negociacaobancaria #gestaodepassivos #empresario"
ro01,escritorio,reels/ro01.mp4,"Por trás de cada negociação tem alguém olhando contrato, prazo e número lado a lado. No escritório, o dia é feito de análise: entender a dívida da empresa, o fluxo de caixa e o que cabe no bolso do empresário antes de qualquer conversa com o banco.

Gestão de passivo é rotina, método e acompanhamento de perto, dia após dia.

Leonardo Rezende
Especialista em dívidas empresariais

#bastidores #gestaodepassivos #advocaciaempresarial #escritoriodeadvocacia #dividaempresarial"
ro02,escritorio,reels/ro02.mp4,"Receber uma notificação de cobrança assusta, e a reação mais comum é ou ignorar ou responder correndo. Nenhuma das duas costuma ajudar.

O caminho mais seguro é ler com atenção, identificar qual contrato está sendo cobrado, quais valores e qual prazo foi dado, e reunir os documentos relacionados.

Com o quadro claro, fica mais fácil decidir a resposta com apoio técnico. Cobrança bem organizada costuma render uma conversa mais tranquila.

Leonardo Rezende
Especialista em dívidas empresariais

#cobrancabancaria #notificacao #gestaodepassivos #empresario #dividasempresariais"
ro03,escritorio,reels/ro03.mp4,"Preço calculado só olhando o concorrente pode esconder prejuízo. Se ele não cobre custo, imposto e o peso das dívidas, a venda aumenta e a margem some.

Inclua na conta todos os custos reais, inclusive tributos e parcelas, e revise o preço com números atualizados. Pequenos ajustes costumam fazer diferença no resultado do fim do mês.

Preço bem pensado protege a empresa.

Leonardo Rezende
Especialista em dívidas empresariais

#precificacao #formacaodepreco #margem #empreendedor #custosempresariais"
ro04,escritorio,reels/ro04.mp4,"Assinar o acordo é um passo importante, mas não é o fim da história. Depois dele vem o acompanhamento: conferir se as parcelas foram baixadas corretamente, guardar comprovantes e confirmar a quitação por escrito quando ela ocorrer.

Também vale revisar se o acordo continua cabendo no fluxo de caixa ao longo dos meses, para evitar atrasos que desfaçam o combinado.

Um acordo bem monitorado dá tranquilidade e evita surpresas lá na frente. É nos detalhes depois da assinatura que muita coisa se decide.

Leonardo Rezende
Especialista em dívidas empresariais

#acordo #quitacao #gestaodepassivos #negociacaodedivida #empresario"
rb01,azul,reels/rb01.mp4,"Faturamento alto e saldo baixo no fim do mês: já viveu isso na sua empresa?

Muitas vezes o problema não está nas vendas, e sim no que sai: parcelas, tarifas, impostos e compromissos que foram se acumulando. Faturamento não é sobra de caixa, e entender essa diferença costuma ser o primeiro passo para decidir melhor.

Quando você enxerga para onde o dinheiro vai, as decisões ficam bem menos pesadas.

Leonardo Rezende
Especialista em dívidas empresariais

#fluxodecaixa #caixaapertado #empresario #gestaodepassivos #financaspj"
rb02,azul,reels/rb02.mp4,"Repare na ordem das coisas: o cliente paga em 30, 60 dias, mas o banco cobra no dia certo. O caixa da empresa vive esse descompasso todos os meses.

Quando as datas de entrada e de saída não conversam, a dívida acaba virando prioridade número um, e o empresário passa a decidir no susto. Organizar o calendário dos compromissos e olhar o passivo como um todo costuma trazer mais previsibilidade.

Caixa saudável começa em saber quando o dinheiro entra e quando sai.

Leonardo Rezende
Especialista em dívidas empresariais

#capitaldegiro #fluxodecaixa #dividaempresarial #gestaofinanceira #empreendedorismo"
rb03,azul,reels/rb03.mp4,"Margem apertada, imposto pesado e parcela vencendo: três frentes ao mesmo tempo, e nenhuma delas veio no manual de quem abriu a empresa.

O empresário aprende a vender, a entregar, a liderar. Mas conduzir o que a empresa deve, com a carga tributária e as margens de hoje, é um assunto à parte. Vale analisar cada compromisso com calma e, quando fizer sentido, contar com um especialista para olhar o conjunto.

Não precisa carregar tudo sozinho.

Leonardo Rezende
Especialista em dívidas empresariais

#cargatributaria #margemdelucro #parcelas #gestaodepassivos #empresabrasileira"
rb04,azul,reels/rb04.mp4,"Quem tem empresa conhece o ritmo: sempre tem alguma coisa pegando fogo. Fornecedor, cliente, equipe, entrega.

Só que o incêndio mais silencioso não aparece na correria do dia a dia: é o passivo. Ele vai crescendo em parcelas, encargos e prazos, e só chama atenção quando o aperto já está grande. Olhar para ele de forma organizada, antes de virar urgência, costuma dar mais opções.

Quem só apaga fogo quase nunca tem tempo para construir.

Leonardo Rezende
Especialista em dívidas empresariais

#passivoempresarial #gestaodepassivos #dividas #empresario #gestaoempresarial"
rb05,azul,reels/rb05.mp4,"O que tira o sono do empresário raramente é o produto. Ele sabe vender, sabe entregar. O que pesa de madrugada é a folha para pagar na sexta, o boleto que vence na segunda e a ligação do banco.

Essa preocupação constante cobra um preço: atenção, energia e boas decisões. Tratar o passivo de forma estruturada, em vez de empurrar de mês em mês, pode devolver um pouco dessa tranquilidade.

Dormir melhor também é uma decisão de gestão.

Leonardo Rezende
Especialista em dívidas empresariais

#saudeempresarial #folhadepagamento #boletos #empresarios #pme"
rb06,azul,reels/rb06.mp4,"Fim do mês, hora de fechar a conta: folha, fornecedor, imposto. Depois que tudo foi pago, o que sobrou para o dono?

Muitos empresários fazem a empresa girar o mês inteiro e acabam ficando por último na fila. Isso costuma ser sinal de que o passivo está consumindo uma parte grande do resultado. Vale olhar o que se paga de parcela e encargo e se esses compromissos ainda cabem na operação.

A empresa existe para dar retorno a quem a construiu.

Leonardo Rezende
Especialista em dívidas empresariais

#lucroempresarial #resultadodaempresa #gestaofinanceira #donodeempresa #pequenasempresas"
rb07,azul,reels/rb07.mp4,"Tem mês em que o empresário trabalha, vende, entrega e, no fim, quase tudo vai para parcela. A empresa funciona, mas o dinheiro já tem destino antes mesmo de entrar.

Quando isso vira rotina, o negócio deixa de crescer e passa só a se manter. Lucro é o que sobra para investir, reservar e viver. Se a sobra não aparece, vale analisar a composição das dívidas e o que pode ser reorganizado de forma sustentável.

Trabalhar para a empresa é diferente de trabalhar para a dívida.

Leonardo Rezende
Especialista em dívidas empresariais

#lucro #endividamento #sobrevivenciaempresarial #gestaodepassivos #financaspj"
rb08,azul,reels/rb08.mp4,"Quem contrai uma dívida sente o peso no dia da assinatura. O que pouca gente percebe é que ele continua nos dias seguintes, mesmo quando ninguém está olhando.

Cada semana de espera costuma trazer mais encargos, mais pressão sobre o caixa e menos margem de manobra para conversar. Deixar para pensar depois parece aliviar hoje, mas costuma encarecer amanhã. Por isso, entender o passivo cedo faz tanta diferença.

O tempo é um dos ingredientes mais caros de qualquer dívida.

Leonardo Rezende
Especialista em dívidas empresariais

#dividas #planejamentofinanceiro #passivo #gestaodepassivos #empreendedor"
rb09,azul,reels/rb09.mp4,"O caixa apertou e veio a ideia: pegar mais um empréstimo para quitar o anterior. Parece alívio, mas muitas vezes o problema só muda de lugar.

O novo contrato costuma trazer novas parcelas, novos encargos e, às vezes, novas garantias. O fôlego dura pouco e a conta volta maior. Antes de assinar, vale mapear tudo o que a empresa deve e comparar caminhos com calma, de preferência com apoio de quem entende desse tipo de decisão.

Ganhar tempo sem plano costuma sair caro.

Leonardo Rezende
Especialista em dívidas empresariais

#emprestimo #refinanciamento #dividaempresarial #creditopj #gestaodepassivos"
rb10,azul,reels/rb10.mp4,"Improviso funciona para muita coisa na empresa, mas para dívida costuma sair caro. Pagar quem ligou primeiro, negociar no desespero, assinar o que o banco oferece na hora...

Passivo empresarial envolve contratos, garantias, fluxo de caixa e prazos, tudo conectado. Por isso, uma estratégia clara, olhando o conjunto, costuma dar mais segurança do que decisões soltas. E contar com um especialista nessa hora é uma forma de proteger o seu tempo e o negócio.

Decidir com calma é diferente de decidir com pressa.

Leonardo Rezende
Especialista em dívidas empresariais

#estrategia #negociacaobancaria #dividaempresarial #advocaciaempresarial #gestaodepassivos"
rb11,azul,reels/rb11.mp4,"Vender, produzir, liderar: isso você faz bem, e foi isso que levou sua empresa até aqui. Agora, administrar contratos bancários, prazos e encargos é outra especialidade, com outro vocabulário e outras regras.

Não é demérito nenhum não dominar esse assunto. Cada um no seu papel: o empresário foca no negócio, e o passivo fica com quem acompanha isso todos os dias. Isso libera atenção para o que dá resultado.

Delegar bem também é sinal de bom gestor.

Leonardo Rezende
Especialista em dívidas empresariais

#delegar #gestaoempresarial #especialista #empresario #passivos"
rb12,azul,reels/rb12.mp4,"Imagine a cena: de um lado da mesa, o empresário, com agenda lotada e uma empresa para tocar. Do outro, um banco com equipe jurídica, contratos padronizados e todo o tempo para negociar.

Não é uma conversa entre iguais, e muita gente só percebe isso tarde. Ter alguém que entenda o jogo, analise o contrato e conduza o diálogo pode equilibrar um pouco essa balança. Cada caso é um caso, e vale analisar com cuidado.

Negociar bem começa por não entrar sozinho na sala.

Leonardo Rezende
Especialista em dívidas empresariais

#negociacaocombancos #bancos #direitobancario #empresario #advocacia"
rb13,azul,reels/rb13.mp4,"O telefone toca e é o banco. O boleto vence amanhã. O fornecedor quer saber quando vai receber. E, no meio disso tudo, você ainda precisa atender o cliente com um sorriso no rosto.

Essa pressão em várias frentes desgasta e atrapalha até a qualidade do atendimento. Centralizar a gestão do passivo, com alguém cuidando das conversas e dos prazos, ajuda a tirar parte desse peso das suas costas.

Seu cliente merece um empresário com a cabeça no negócio.

Leonardo Rezende
Especialista em dívidas empresariais

#cobranca #pressaodocaixa #rotinadoempresario #bancos #gestaodepassivos"
rb14,azul,reels/rb14.mp4,"Imposto pesado, venda que oscila e custo que só sobe: o empresário brasileiro já enfrenta isso sem precisar de mais nada. Agora some uma dívida sem acompanhamento.

Parcelas e encargos continuam correndo mesmo quando o faturamento cai, e a conta vai crescendo como uma bola de neve, sem ninguém perceber a velocidade. Acompanhar o passivo de perto, mês a mês, ajuda a tomar decisões antes de a situação ficar apertada demais.

O que se acompanha costuma ficar mais fácil de conduzir.

Leonardo Rezende
Especialista em dívidas empresariais

#efeitobolaneve #tributos #custos #dividaempresarial #gestaodepassivos"
rb15,azul,reels/rb15.mp4,"Se o caixa está difícil, isso não faz de você um mau empresário. Competência para tocar o negócio você tem, ou a empresa nem existiria.

O que falta, na maioria das vezes, é alguém cuidando de uma parte que nunca foi ensinada: a gestão das dívidas, dos contratos e das conversas com credores. Ninguém aprende isso na operação do dia a dia, e tudo bem. É para isso que existem especialistas.

Pedir apoio é sinal de maturidade, não de fraqueza.

Leonardo Rezende
Especialista em dívidas empresariais

#empreendedorismo #gestaodedividas #apoioespecializado #empresario #gestaodepassivos"
rb16,azul,reels/rb16.mp4,"Existe o empresário que sabe exatamente o que deve, quando vence e quanto pesa no caixa. E existe o que prefere não olhar. Adivinha qual dorme mais tranquilo.

Gerir o passivo com método não significa ter zero dívida, e sim ter controle. Quando a conversa é adiada, a cobrança costuma chegar no pior momento, geralmente com menos opções na mesa. Antecipar é quase sempre mais confortável.

Quem enxerga o problema cedo ganha margem para decidir.

Leonardo Rezende
Especialista em dívidas empresariais

#tranquilidadefinanceira #planejamento #cobrancas #saudefinanceira #gestaodepassivos"
rb17,azul,reels/rb17.mp4,"Quando se fala em dívida, todo mundo pensa em contrato e valor. Mas existe um custo que não aparece em nenhum papel: as horas que o dono passa pensando nela.

Reuniões em que a cabeça está em outro lugar, noites mal dormidas, decisões que ficam para depois. Isso também sai do bolso da empresa, só que sem nota fiscal. Dividir esse peso com quem entende do assunto pode devolver foco para o que gera resultado.

Seu tempo é um dos ativos mais valiosos do negócio.

Leonardo Rezende
Especialista em dívidas empresariais

#tempodoempresario #produtividade #foconosnegocios #dividaempresarial #lideranca"
rb18,azul,reels/rb18.mp4,"Quanto vale uma hora do seu tempo? Agora pense em quantas delas você gasta em fila de banco, planilha sem fim e telefonema de cobrança.

O dono da empresa é peça-chave na venda, no relacionamento e na estratégia. Cada hora presa na burocracia da dívida é uma hora a menos onde ele faz mais diferença. Passivo envolve análise de contratos, negociação e acompanhamento, e é trabalho de especialista.

Delegar o que não é sua força é uma forma de investir no negócio.

Leonardo Rezende
Especialista em dívidas empresariais

#tempovalioso #delegacao #burocracia #empresarios #gestaodepassivos"
rb19,azul,reels/rb19.mp4,"Sabe quando a gente deixa a conta para depois e, quando vê, ela está maior? Com dívida empresarial costuma ser assim.

A cada mês sem um plano, os encargos se acumulam, o caixa fica mais pressionado e as alternativas vão diminuindo. O que poderia ser conversado com calma passa a ser decidido com urgência. Por isso, até um primeiro mapeamento do que a empresa deve já pode ajudar a retomar o controle.

Olhar o passivo hoje costuma ser mais leve do que olhar daqui a seis meses.

Leonardo Rezende
Especialista em dívidas empresariais

#planejamentofinanceiro #prevencao #passivoempresarial #encargos #empresas"
rb20,azul,reels/rb20.mp4,"Ninguém abre uma empresa para viver contando os dias até a próxima parcela. A ideia era construir algo, gerar renda e ter um pouco de liberdade.

Quando o passivo fica sem condução, ele acaba mandando no negócio: define o que dá para investir, contratar e planejar. Um passivo bem conduzido, com estratégia e acompanhamento, pode devolver fôlego ao caixa e voltar a abrir espaço para crescer. Cada situação tem suas particularidades e merece análise.

A empresa deve trabalhar a seu favor.

Leonardo Rezende
Especialista em dívidas empresariais

#liberdadefinanceira #crescimentoempresarial #folegodecaixa #parcelas #empreender"
rb21,azul,reels/rb21.mp4,"Bateu o desespero e veio o pensamento: vender o carro, o imóvel ou aquele terreno para cobrir a dívida da empresa. É uma decisão comum, mas costuma ser difícil de desfazer.

Patrimônio construído em anos pode ser usado em minutos, e nem sempre isso muda o rumo do passivo. Antes de dar esse passo, vale conversar com um especialista, entender o que está sendo cobrado e quais alternativas existem para o seu caso.

Decisão irreversível pede informação antes.

Leonardo Rezende
Especialista em dívidas empresariais

#patrimonio #protecaopatrimonial #decisaoestrategica #empresario #dividaempresarial"
rb22,azul,reels/rb22.mp4,"Quitar tudo de uma vez soa como a solução ideal, mas nem sempre é a mais inteligente. Muitas vezes isso drena o caixa e deixa a empresa sem capital para operar.

Antes de pagar, é importante entender o que de fato se deve: quais contratos existem, o que está sendo cobrado, quais encargos foram aplicados e que condições são possíveis. Só então dá para escolher um caminho que caiba na realidade do negócio.

Entender primeiro, decidir depois.

Leonardo Rezende
Especialista em dívidas empresariais

#quitacao #negociacaodedividas #analisecontratual #caixadaempresa #gestaodepassivos"
rb23,azul,reels/rb23.mp4,"Todo empresário tem plano de vendas, meta de faturamento, estratégia de marketing. Mas e para o que a empresa deve? Existe um plano?

Muita gente só reage quando a cobrança aparece. Planejar o passivo significa saber o que vence, o que pode ser reorganizado e qual é o limite do caixa para cada compromisso. Isso dá previsibilidade e evita decisões tomadas no susto.

Quem planeja a dívida tem mais liberdade para planejar o crescimento.

Leonardo Rezende
Especialista em dívidas empresariais

#planejamentoestrategico #metasempresariais #gestaodedividas #empresario #previsibilidade"
rb24,azul,reels/rb24.mp4,"A fatura chega todo mês, sem falta, e nunca pergunta se o caixa está bom. Por isso, o plano para lidar com ela precisa existir antes do vencimento, não depois.

Olhar o calendário de pagamentos com antecedência, conhecer o impacto de cada parcela e ter um caminho pensado para os meses mais difíceis faz muita diferença. Um especialista pode ajudar a montar esse mapa com você e encaixá-lo na rotina da empresa.

Se preparar cedo costuma doer menos do que correr atrás.

Leonardo Rezende
Especialista em dívidas empresariais

#vencimentos #calendariofinanceiro #organizacaofinanceira #gestaodepassivos #pj"
rb25,azul,reels/rb25.mp4,"Muito empresário domina o preço de tudo o que compra e vende, mas nunca fez essa conta com a própria dívida: quanto ela custa por mês, somando parcelas, tarifas e encargos, e quanto pesa na margem.

Sem esse número, fica difícil decidir se compensa manter, reorganizar ou conversar com o credor. Fazer esse levantamento, com apoio de quem entende, costuma revelar decisões que estavam escondidas no meio dos contratos.

O que não se mede dificilmente se gerencia.

Leonardo Rezende
Especialista em dívidas empresariais

#custodadivida #margem #educacaofinanceira #contratosbancarios #gestaodepassivos"
rb26,azul,reels/rb26.mp4,"Quando o dinheiro some, é fácil apontar para fora: o mercado está ruim, o governo aperta, o cliente atrasou. E às vezes tudo isso é verdade.

Mas, com frequência, há também um passivo mal administrado no meio do caminho, consumindo o caixa em silêncio. Olhar para dentro, com calma e sem culpa, é um passo importante para entender o que realmente está acontecendo. Um especialista pode ajudar a enxergar o quadro completo.

Às vezes a resposta está mais perto do que parece.

Leonardo Rezende
Especialista em dívidas empresariais

#diagnosticoempresarial #crisedecaixa #passivoescondido #negocios #gestaodepassivos"
rb27,azul,reels/rb27.mp4,"Boleto atrasado, conta garantida estourada, limite no vermelho. Se esse trio virou parte do seu mês, o recado é claro: algo precisa ser olhado de perto.

Viver assim é comum, mas não precisa ser normal. Esses sinais costumam indicar que o passivo cresceu mais rápido do que a capacidade de pagamento. Analisar as dívidas uma a uma, com apoio de um especialista, ajuda a entender a origem e a pensar em saídas viáveis para o seu caso.

Ignorar o sinal não faz ele desaparecer.

Leonardo Rezende
Especialista em dívidas empresariais

#contagarantida #limitebancario #sinaisdealerta #creditoempresarial #boletoatrasado"
rb28,azul,reels/rb28.mp4,"Dívida não é sinônimo de empresa doente. Muitas empresas sólidas trabalham com crédito, financiam o crescimento e têm contratos a pagar.

O que diferencia uma empresa saudável é o domínio sobre o próprio passivo: saber exatamente o que deve, a quem deve, em que condições e com que plano vai conduzir cada compromisso. Quem tem essa visão toma decisão com segurança, em vez de apenas reagir à cobrança.

Controle vale mais do que ausência de dívida.

Leonardo Rezende
Especialista em dívidas empresariais

#empresasaudavel #controlefinanceiro #saudefinanceira #alavancagem #gestaodepassivos"
rb29,azul,reels/rb29.mp4,"Aperto de caixa acontece com praticamente todo mundo que empreende: uma venda que caiu, um cliente que atrasou, um imposto que veio mais alto.

O que muda de uma empresa para outra é como ela atravessa esse momento. Quem tem um especialista ao lado costuma agir com mais calma, olhar o passivo por inteiro e escolher o caminho com mais informação, em vez de decidir no desespero.

Não dá para evitar toda tempestade, mas dá para não enfrentá-la sozinho.

Leonardo Rezende
Especialista em dívidas empresariais

#apertodecaixa #apoioprofissional #resiliencia #empresario #fluxodecaixa"
rb30,azul,reels/rb30.mp4,"Equipe, clientes, fornecedores, uma família que depende do resultado. Você carrega a empresa nas costas, e é muita responsabilidade para uma pessoa só.

A gestão do passivo é uma parte desse peso que pode ser dividida. Com alguém que faz disso o trabalho do dia a dia, acompanhando contratos, prazos e conversas com credores, você ganha tempo e cabeça para cuidar do que só você faz.

Força de verdade também é saber quando dividir o fardo.

Leonardo Rezende
Especialista em dívidas empresariais

#donodeempresa #responsabilidade #delegacao #gestaodepassivos #cuidardonegocio"
